Date,Year,Quarter,FY,QFY,Month,EXP_AGRO,EXP_MID,EXP_SPD,EXP_MAN,EXP_TOD,EXP_NECLW,EXP_PSD,EXP_SED,EXP_ITIS,EXP_SUD,EXP_DIT,EXP_HCD,EXP_TTD,EXP_PST,EXP_CMC,EXP_GOS,EXP_DPI,EXP_RBD,EXP_LGOV,EXP_I,EXP_I_DOM,EXP_I_EXT,EXP_CEN_TOT,EXP_LGP_TOT,EXP_I_TOT,EXP
1997-07-01,1997,Q3,1997/98,Q1,July,,,,,,,,,,,,,,,,,,,,3.99932,1.36078,2.63854,58.4405622751667,16.4191860581667,3.99932,78.8590683333333
1997-08-01,1997,Q3,1997/98,Q1,August,,,,,,,,,,,,,,,,,,,,7.43515,1.12247,6.31268,77.9549122751667,13.7114660581667,7.43515,99.1015283333333
1997-09-01,1997,Q3,1997/98,Q1,September,,,,,,,,,,,,,,,,,,,,8.66558,2.92953,5.73605,79.3724722751667,16.7237260581667,8.66558,104.761778333333
1997-10-01,1997,Q4,1997/98,Q2,October,,,,,,,,,,,,,,,,,,,,8.39196,5.82332,2.56864,76.1454022751667,13.6466560581667,8.39196,98.1840183333333
1997-11-01,1997,Q4,1997/98,Q2,November,,,,,,,,,,,,,,,,,,,,2.96428,0.86976,2.09452,80.9661622751667,17.2159760581667,2.96428,101.146418333333
1997-12-01,1997,Q4,1997/98,Q2,December,,,,,,,,,,,,,,,,,,,,5.69968,2.99241,2.70727,81.6964722751667,17.4741960581667,5.69968,104.870348333333
1998-01-01,1998,Q1,1997/98,Q3,January,,,,,,,,,,,,,,,,,,,,3.43143,0.93851,2.49292,66.9951522751667,18.8991660581667,3.43143,89.3257483333333
1998-02-01,1998,Q1,1997/98,Q3,February,,,,,,,,,,,,,,,,,,,,4.95927,1.01952,3.93975,77.3203122751667,16.2879760581667,4.95927,98.5675583333333
1998-03-01,1998,Q1,1997/98,Q3,March,,,,,,,,,,,,,,,,,,,,7.756,2.71541,5.04059,83.9960522751667,15.1263360581667,7.756,106.878388333333
1998-04-01,1998,Q2,1997/98,Q4,April,,,,,,,,,,,,,,,,,,,,8.47066,5.85426,2.6164,86.3096922751667,19.8738160581667,8.47066,114.654168333333
1998-05-01,1998,Q2,1997/98,Q4,May,,,,,,,,,,,,,,,,,,,,3.55925,1.35872,2.20053,78.1609322751667,24.5588160581667,3.55925,106.278998333333
1998-06-01,1998,Q2,1997/98,Q4,June,,,,,,,,,,,,,,,,,,,,5.00996,2.76866,2.2413,118.029052275167,27.5853960581667,5.00996,150.624408333333
1998-07-01,1998,Q3,1998/99,Q1,July,,,,,,,,,,,,,,,,,,,,4.983868708,1.64191,3.341958708,62.7680373000744,18.21324747175,4.983868708,85.9651534798244
1998-08-01,1998,Q3,1998/99,Q1,August,,,,,,,,,,,,,,,,,,,,6.328263916,1.557334,4.770929916,91.2073261880743,22.02861747175,6.328263916,119.564207575824
1998-09-01,1998,Q3,1998/99,Q1,September,,,,,,,,,,,,,,,,,,,,8.09266716,2.697624,5.39504316,90.5053801880744,22.47369747175,8.09266716,121.071744819824
1998-10-01,1998,Q4,1998/99,Q2,October,,,,,,,,,,,,,,,,,,,,5.21546968,1.178278,4.03719168,82.402146854741,22.47656747175,5.21546968,110.094184006491
1998-11-01,1998,Q4,1998/99,Q2,November,,,,,,,,,,,,,,,,,,,,3.3123894,1.119201,2.1931884,101.809702854741,23.49815747175,3.3123894,128.620249726491
1998-12-01,1998,Q4,1998/99,Q2,December,,,,,,,,,,,,,,,,,,,,5.9004748,2.702524,3.1979508,98.440842854741,25.77306747175,5.9004748,130.114385126491
1999-01-01,1999,Q1,1998/99,Q3,January,,,,,,,,,,,,,,,,,,,,3.84756044,1.218683,2.62887744,82.2979111880744,21.53599747175,3.84756044,107.681469099824
1999-02-01,1999,Q1,1998/99,Q3,February,,,,,,,,,,,,,,,,,,,,8.019734,1.133004,6.88673,84.1675071880744,26.03019747175,8.019734,118.217438659824
1999-03-01,1999,Q1,1998/99,Q3,March,,,,,,,,,,,,,,,,,,,,8.73460514,2.574636,6.15996914,90.1073611880744,28.75910747175,8.73460514,127.601073799824
1999-04-01,1999,Q2,1998/99,Q4,April,,,,,,,,,,,,,,,,,,,,4.6258096,1.697355,2.9284546,91.4131871880744,20.53144747175,4.6258096,116.570444259824
1999-05-01,1999,Q2,1998/99,Q4,May,,,,,,,,,,,,,,,,,,,,3.6694187,0.920083,2.7493357,99.5903271880744,20.58171747175,3.6694187,123.841463359824
1999-06-01,1999,Q2,1998/99,Q4,June,,,,,,,,,,,,,,,,,,,,6.110302,2.98408,3.126222,144.428189188074,25.22078747175,6.110302,175.759278659824
1999-07-01,1999,Q3,1999/00,Q1,July,,,,,,,,,,,,,,,,,,,,5.4053873,0.852771,4.5526163,70.9326053333333,27.159553,5.4053873,103.497545633333
1999-08-01,1999,Q3,1999/00,Q1,August,,,,,,,,,,,,,,,,,,,,11.575802,1.171028,10.404774,97.3757463333333,27.183903,11.575802,136.135451333333
1999-09-01,1999,Q3,1999/00,Q1,September,,,,,,,,,,,,,,,,,,,,11.8938783,4.897946,6.9959323,90.4638123333333,24.129633,11.8938783,126.487323633333
1999-10-01,1999,Q4,1999/00,Q2,October,,,,,,,,,,,,,,,,,,,,6.867931,2.510389,4.357542,81.1163693333333,27.507063,6.867931,115.491363333333
1999-11-01,1999,Q4,1999/00,Q2,November,,,,,,,,,,,,,,,,,,,,5.317786,1.258228,4.059558,118.443874333333,28.253263,5.317786,152.014923333333
1999-12-01,1999,Q4,1999/00,Q2,December,,,,,,,,,,,,,,,,,,,,7.9204665,1.685216,6.2352505,111.155974333333,30.473643,7.9204665,149.550083833333
2000-01-01,2000,Q1,1999/00,Q3,January,,,,,,,,,,,,,,,,,,,,6.5108435,1.613186,4.8976575,90.9498503333334,24.054163,6.5108435,121.514856833333
2000-02-01,2000,Q1,1999/00,Q3,February,,,,,,,,,,,,,,,,,,,,8.4422299,1.711155,6.7310749,102.684472333333,26.767453,8.4422299,137.894155233333
2000-03-01,2000,Q1,1999/00,Q3,March,,,,,,,,,,,,,,,,,,,,8.634933,2.14116,6.493773,108.153098499333,28.355593,8.634933,145.143624499333
2000-04-01,2000,Q2,1999/00,Q4,April,,,,,,,,,,,,,,,,,,,,10.846153,7.107796,3.738357,101.945388333333,27.198233,10.846153,139.989774333333
2000-05-01,2000,Q2,1999/00,Q4,May,,,,,,,,,,,,,,,,,,,,6.681397,2.24244,4.438957,126.553262833333,27.924753,6.681397,161.159412833333
2000-06-01,2000,Q2,1999/00,Q4,June,,,,,,,,,,,,,,,,,,,,5.2544948,2.373846,2.8806488,227.222756275333,30.051353,5.2544948,262.528604075333
2000-07-01,2000,Q3,2000/01,Q1,July,,,,,,,,,,,,,,,,,,,,4.4348618,2.295659,2.1392028,75.846911245111,33.3445022683889,4.4348618,113.6262753135
2000-08-01,2000,Q3,2000/01,Q1,August,,,,,,,,,,,,,,,,,,,,10.572477,3.230283,7.342194,109.517634945108,41.829579568392,10.572477,161.9196915135
2000-09-01,2000,Q3,2000/01,Q1,September,,,,,,,,,,,,,,,,,,,,20.02133,13.25798,6.76335,121.840946945108,29.045979568392,20.02133,170.9082565135
2000-10-01,2000,Q4,2000/01,Q2,October,,,,,,,,,,,,,,,,,,,,8.3085788,3.340254,4.9683248,102.693381149201,43.4903983642992,8.3085788,154.4923583135
2000-11-01,2000,Q4,2000/01,Q2,November,,,,,,,,,,,,,,,,,,,,5.8182712,2.265772,3.5524992,102.686573404694,46.8560188088058,5.8182712,155.3608634135
2000-12-01,2000,Q4,2000/01,Q2,December,,,,,,,,,,,,,,,,,,,,4.292412,1.973641,2.318771,163.601393353699,24.8001631598007,4.292412,192.6939685135
2001-01-01,2001,Q1,2000/01,Q3,January,,,,,,,,,,,,,,,,,,,,4.859662,2.02248,2.837182,102.100466798361,38.8698477151385,4.859662,145.8299765135
2001-02-01,2001,Q1,2000/01,Q3,February,,,,,,,,,,,,,,,,,,,,12.7382988,3.082245,9.6560538,113.932608292361,51.9707077151385,12.7382988,178.6416148075
2001-03-01,2001,Q1,2000/01,Q3,March,,,,,,,,,,,,,,,,,,,,18.72193,11.21567,7.50626,126.450471610871,38.9823249026287,18.72193,184.1547265135
2001-04-01,2001,Q2,2000/01,Q4,April,,,,,,,,,,,,,,,,,,,,6.72199124,2.695438,4.02655324,114.4497030484,32.0207164650995,6.72199124,153.1924107535
2001-05-01,2001,Q2,2000/01,Q4,May,,,,,,,,,,,,,,,,,,,,10.87155108,7.092261,3.77929008,145.046286587813,37.8391865090206,10.87155108,193.757024176833
2001-06-01,2001,Q2,2000/01,Q4,June,,,,,,,,,,,,,,,,,,,,8.8328812,6.358188,2.4746932,194.219896315938,27.6002357808955,8.8328812,230.653013296833
2001-07-01,2001,Q3,2001/02,Q1,July,,,,,,,,,,,,,,,,,,,,11.00441,8.295,2.70941,84.680734895815,35.7731643275183,11.00441,131.458309223333
2001-08-01,2001,Q3,2001/02,Q1,August,,,,,,,,,,,,,,,,,,,,16.13954,10.275,5.86454,126.64570720868,53.9215502146538,16.13954,196.706797423333
2001-09-01,2001,Q3,2001/02,Q1,September,,,,,,,,,,,,,,,,,,,,14.948491,8.305,6.643491,117.349199262376,36.0940431609572,14.948491,168.391733423333
2001-10-01,2001,Q4,2001/02,Q2,October,,,,,,,,,,,,,,,,,,,,11.8405791,7.6875,4.1530791,127.922201986037,52.6921051872968,11.8405791,192.454886273333
2001-11-01,2001,Q4,2001/02,Q2,November,,,,,,,,,,,,,,,,,,,,14.8073816,9.2675,5.5398816,111.581876357147,78.7971396561867,14.8073816,205.186397613333
2001-12-01,2001,Q4,2001/02,Q2,December,,,,,,,,,,,,,,,,,,,,8.95231,7.1875,1.76481,103.719236529826,39.8792556035075,8.95231,152.550802133333
2002-01-01,2002,Q1,2001/02,Q3,January,,,,,,,,,,,,,,,,,,,,12.34724,8.8175,3.52974,128.975474322106,41.7298476845611,12.34724,183.052562006667
2002-02-01,2002,Q1,2001/02,Q3,February,,,,,,,,,,,,,,,,,,,,13.47687,6.7375,6.73937,120.725353484213,58.0714635224539,13.47687,192.273687006667
2002-03-01,2002,Q1,2001/02,Q3,March,,,,,,,,,,,,,,,,,,,,12.21961,6.3575,5.86211,141.687901105285,49.6476519013822,12.21961,203.555163006667
2002-04-01,2002,Q2,2001/02,Q4,April,,,,,,,,,,,,,,,,,,,,9.1733,5.9892,3.1841,122.039472858932,63.7124052310679,9.1733,194.92517809
2002-05-01,2002,Q2,2001/02,Q4,May,,,,,,,,,,,,,,,,,,,,11.04178,6.9792,4.06258,165.224987415252,55.264146674748,11.04178,231.53091409
2002-06-01,2002,Q2,2001/02,Q4,June,,,,,,,,,,,,,,,,,,,,7.48363,5.3192,2.16443,305.47787624,29.6543079166667,7.48363,342.615814156667
2002-07-01,2002,Q3,2002/03,Q1,July,,,,,,,,,,,,,,,,,,,,11.0886127,6.239,4.8496127,109.244943468566,42.5026935481003,11.0886127,162.836249716667
2002-08-01,2002,Q3,2002/03,Q1,August,,,,,,,,,,,,,,,,,,,,14.993464,8.059,6.934464,128.683271508566,59.4373398781003,14.993464,203.114075386667
2002-09-01,2002,Q3,2002/03,Q1,September,,,,,,,,,,,,,,,,,,,,11.4164368,6.739,4.6774368,137.546320348566,46.3248568781003,11.4164368,195.287614026667
2002-10-01,2002,Q4,2002/03,Q2,October,,,,,,,,,,,,,,,,,,,,13.6401653333333,9.41933333333333,4.220832,164.436212691527,58.8202459321396,13.6401653333333,236.896623957
2002-11-01,2002,Q4,2002/03,Q2,November,,,,,,,,,,,,,,,,,,,,12.4037909333333,8.40933333333333,3.9944576,138.887598814527,69.2824952721396,12.4037909333333,220.57388502
2002-12-01,2002,Q4,2002/03,Q2,December,,,,,,,,,,,,,,,,,,,,12.6272515333333,9.26933333333333,3.3579182,147.465467393746,35.8203106729208,12.6272515333333,195.9130296
2003-01-01,2003,Q1,2002/03,Q3,January,,,,,,,,,,,,,,,,,,,,13.4984195666667,12.7326666666667,0.7657529,104.530216888526,60.6697814381409,13.4984195666667,178.698417893333
2003-02-01,2003,Q1,2002/03,Q3,February,,,,,,,,,,,,,,,,,,,,14.8530362666667,10.4826666666667,4.3703696,165.627528112282,64.794734789385,14.8530362666667,245.275299168333
2003-03-01,2003,Q1,2002/03,Q3,March,,,,,,,,,,,,,,,,,,,,19.6910261666667,10.5326666666667,9.1583595,156.357299352924,36.1467043337427,19.6910261666667,212.195029853333
2003-04-01,2003,Q2,2002/03,Q4,April,,,,,,,,,,,,,,,,,,,,16.4562329,10.665,5.7912329,135.785872598923,55.7192780777435,16.4562329,207.961383576667
2003-05-01,2003,Q2,2002/03,Q4,May,,,,,,,,,,,,,,,,,,,,18.150356,13.835,4.315356,194.140445768923,55.8785210777435,18.150356,268.169322846667
2003-06-01,2003,Q2,2002/03,Q4,June,,,,,,,,,,,,,,,,,,,,15.5017432,11.825,3.6767432,217.728922778923,56.4033960777435,15.5017432,289.634062056667
2003-07-01,2003,Q3,2003/04,Q1,July,,,,,,,,,,,,,,,,,,,,19.3498212,16.177326,3.1724952,95.8238651947322,46.5072193649763,19.3498212,161.680905759708
2003-08-01,2003,Q3,2003/04,Q1,August,,,,,,,,,,,,,,,,,,,,19.9862027,13.730929,6.2552737,133.912053871672,67.3662823880365,19.9862027,221.264538959709
2003-09-01,2003,Q3,2003/04,Q1,September,,,,,,,,,,,,,,,,,,,,22.587802,14.374376,8.213426,169.078326714099,45.1502109456092,22.587802,236.816339659709
2003-10-01,2003,Q4,2003/04,Q2,October,,,,,,,,,,,,,,,,,,,,21.2378063,15.1071895,6.1306168,157.282567032712,75.0987296269963,21.2378063,253.619102959708
2003-11-01,2003,Q4,2003/04,Q2,November,,,,,,,,,,,,,,,,,,,,23.7573665,19.709662,4.0477045,169.584342567256,62.3731770924526,23.7573665,255.714886159709
2003-12-01,2003,Q4,2003/04,Q2,December,,,,,,,,,,,,,,,,,,,,21.0048864,16.57626,4.4286264,181.224965247858,41.6732755118509,21.0048864,243.903127159709
2004-01-01,2004,Q1,2003/04,Q3,January,,,,,,,,,,,,,,,,,,,,27.6884302,20.672291,7.0161392,142.83366120543,63.5055779542782,27.6884302,234.027669359709
2004-02-01,2004,Q1,2003/04,Q3,February,,,,,,,,,,,,,,,,,,,,20.5556433,16.8441739,3.7114694,180.392040147858,51.8326565118509,20.5556433,252.780339959709
2004-03-01,2004,Q1,2003/04,Q3,March,,,,,,,,,,,,,,,,,,,,26.332388,16.390874,9.941514,152.284634647858,47.4709815118509,26.332388,226.088004159709
2004-04-01,2004,Q2,2003/04,Q4,April,,,,,,,,,,,,,,,,,,,,26.5550706,18.265941,8.2891296,158.487015229867,77.0636701298419,26.5550706,262.105755959709
2004-05-01,2004,Q2,2003/04,Q4,May,,,,,,,,,,,,,,,,,,,,17.3537659,13.772593,3.5811729,173.656967918842,81.9909394408665,17.3537659,273.001673259709
2004-06-01,2004,Q2,2003/04,Q4,June,,,,,,,,,,,,,,,,,,,,16.0108169,11.9683846,4.04243230000001,314.459534887817,62.92730485539,16.0108169,393.397656643207
2004-07-01,2004,Q3,2004/05,Q1,July,,,,,,,,,,,,,,,,,,,,18.8079466719969,16.8019761898749,2.005970482122,120.365132080219,52.7854788565833,18.8079466719969,191.9585576088
2004-08-01,2004,Q3,2004/05,Q1,August,,,,,,,,,,,,,,,,,,,,21.5373901176916,14.2897667324852,7.2476233852064,158.551833471219,57.2454984035833,21.5373901176916,237.334721992494
2004-09-01,2004,Q3,2004/05,Q1,September,,,,,,,,,,,,,,,,,,,,22.2139148049891,14.9366150329853,7.2772997720038,152.266740441219,43.0764306655833,22.2139148049891,217.557085911792
2004-10-01,2004,Q4,2004/05,Q2,October,,,,,,,,,,,,,,,,,,,,20.4958760063111,12.5740483411079,7.9218276652032,152.10532294222,84.18911037425,20.4958760063111,256.790309322781
2004-11-01,2004,Q4,2004/05,Q2,November,,,,,,,,,,,,,,,,,,,,15.470512260898,12.2389178350767,3.2315944258213,206.700830234219,82.3301276595834,15.470512260898,304.501470154701
2004-12-01,2004,Q4,2004/05,Q2,December,,,,,,,,,,,,,,,,,,,,19.6235486556327,15.2276343706197,4.395914285013,178.918496486219,49.1185267565833,19.6235486556327,247.660571898435
2005-01-01,2005,Q1,2004/05,Q3,January,,,,,,,,,,,,,,,,,,,,15.2180992250187,12.9035841250447,2.314515099974,174.368308040219,95.6880172465833,15.2180992250187,285.274424511821
2005-02-01,2005,Q1,2004/05,Q3,February,,,,,,,,,,,,,,,,,,,,19.8352824061209,13.0994927481388,6.7357896579821,186.78849851022,81.6694952855833,19.8352824061209,288.293276201924
2005-03-01,2005,Q1,2004/05,Q3,March,,,,,,,,,,,,,,,,,,,,23.7492503802149,16.6358236595246,7.1134267206903,172.685175484219,51.7688567145833,23.7492503802149,248.203282579018
2005-04-01,2005,Q2,2004/05,Q4,April,,,,,,,,,,,,,,,,,,,,22.593046809666,14.4882201729828,8.1048266366832,119.314364562886,83.2462671245833,22.593046809666,225.153678497136
2005-05-01,2005,Q2,2004/05,Q4,May,,,,,,,,,,,,,,,,,,,,17.7109602376526,14.3743754543824,3.3365847832702,298.475964693886,58.7908773135833,17.7109602376526,374.977802245122
2005-06-01,2005,Q2,2004/05,Q4,June,,,,,,,,,,,,,,,,,,,,20.5899393463692,16.8761119769347,3.71382736943455,264.119461860837,53.5019767479655,20.5899393463692,338.211377955172
2005-07-01,2005,Q3,2005/06,Q1,July,,,,,,,,,,,,,,,,,,,,16.6407801241671,14.5916456795153,2.04913444465188,112.785584876505,71.2841526525,16.6407801241671,200.710517653172
2005-08-01,2005,Q3,2005/06,Q1,August,,,,,,,,,,,,,,,,,,,,23.7794498966308,14.397250471943,9.38219942468774,203.436490377505,69.2431937884999,23.7794498966308,296.459134062636
2005-09-01,2005,Q3,2005/06,Q1,September,,,,,,,,,,,,,,,,,,,,23.1935783173327,16.3085519958805,6.8850263214522,161.136183628505,61.9542230675,23.1935783173327,246.283985013338
2005-10-01,2005,Q4,2005/06,Q2,October,,,,,,,,,,,,,,,,,,,,21.9942799619611,14.1983926104811,7.79588735148,174.586350188505,92.5902630125,21.9942799619611,289.170893162966
2005-11-01,2005,Q4,2005/06,Q2,November,,,,,,,,,,,,,,,,,,,,18.0906105824107,14.7866784330077,3.303932149403,230.995941241505,73.6814969805,18.0906105824107,322.768048804416
2005-12-01,2005,Q4,2005/06,Q2,December,,,,,,,,,,,,,,,,,,,,19.0547250572623,16.3620306868219,2.6926943704404,186.060327440505,57.8063073085,19.0547250572623,262.921359806267
2006-01-01,2006,Q1,2005/06,Q3,January,,,,,,,,,,,,,,,,,,,,18.5537314040951,14.9162141040887,3.6375173000064,218.888104121505,62.4868453635,18.5537314040951,299.9286808891
2006-02-01,2006,Q1,2005/06,Q3,February,,,,,,,,,,,,,,,,,,,,21.6681705274597,14.7190152916213,6.9491552358384,200.293557192505,104.7164094035,21.6681705274597,326.678137123465
2006-03-01,2006,Q1,2005/06,Q3,March,,,,,,,,,,,,,,,,,,,,24.5138428293134,16.9490078635916,7.5648349657218,182.029315693505,58.9749367355,24.5138428293134,265.518095258318
2006-04-01,2006,Q2,2005/06,Q4,April,,,,,,,,,,,,,,,,,,,,21.4155488415741,15.1641030463233,6.2514457952508,176.155336980505,88.1050808728333,21.4155488415741,285.675966694912
2006-05-01,2006,Q2,2005/06,Q4,May,,,,,,,,,,,,,,,,,,,,18.6727608763187,15.5035331912469,3.1692276850718,236.530385420505,83.3369530658333,18.6727608763187,338.540099362657
2006-06-01,2006,Q2,2005/06,Q4,June,,,,,,,,,,,,,,,,,,,,20.529611814612,16.4609544312132,4.06865738339883,279.375772203642,53.2396981505,20.529611814612,353.145082168754
2006-07-01,2006,Q3,2006/07,Q1,July,,,,,,,,,,,,,,,,,,,,17.1264326513958,14.9136916029756,2.21274104842017,97.9441848340991,74.7844733929167,17.1264326513958,189.855090878412
2006-08-01,2006,Q3,2006/07,Q1,August,,,,,,,,,,,,,,,,,,,,18.1619332357764,15.0032680956613,3.1586651401151,249.733360426979,73.2751273183333,18.1619332357764,341.170420981089
2006-09-01,2006,Q3,2006/07,Q1,September,,,,,,,,,,,,,,,,,,,,20.7077777454206,16.8660068834622,3.8417708619584,174.562612882779,67.3814149073333,20.7077777454206,262.651805535533
2006-10-01,2006,Q4,2006/07,Q2,October,,,,,,,,,,,,,,,,,,,,21.584757192373,15.3323036714963,6.25245352087678,254.319556703419,91.5929530073333,21.584757192373,367.497266903125
2006-11-01,2006,Q4,2006/07,Q2,November,,,,,,,,,,,,,,,,,,,,19.6754427681924,17.1728247915678,2.50261797662463,283.040455218099,89.7545905283333,19.6754427681924,392.470488514625
2006-12-01,2006,Q4,2006/07,Q2,December,,,,,,,,,,,,,,,,,,,,19.2171664519921,16.1419411126564,3.07522533933564,174.605778422089,58.4597072683333,19.2171664519921,252.282652142414
2007-01-01,2007,Q1,2006/07,Q3,January,,,,,,,,,,,,,,,,,,,,18.3366038720422,16.6963400253354,1.6402638467068,216.868937603679,79.0398609153333,18.3366038720422,314.245402391055
2007-02-01,2007,Q1,2006/07,Q3,February,,,,,,,,,,,,,,,,,,,,18.8610975705287,15.6878139899847,3.173283580544,198.862357476079,85.3207580403333,18.8610975705287,303.044213086941
2007-03-01,2007,Q1,2006/07,Q3,March,,,,,,,,,,,,,,,,,,,,20.9481326325965,16.9087485079973,4.0393841245992,177.488581784839,67.1786011083333,20.9481326325965,265.615315525769
2007-04-01,2007,Q2,2006/07,Q4,April,,,,,,,,,,,,,,,,,,,,21.3605035283949,15.7543294002131,5.6061741281818,295.048027641949,105.225798403333,21.3605035283949,421.634329573677
2007-05-01,2007,Q2,2006/07,Q4,May,,,,,,,,,,,,,,,,,,,,18.6339396150051,16.6896767013691,1.944262913636,236.987081889769,109.438256770333,18.6339396150051,365.059278275108
2007-06-01,2007,Q2,2006/07,Q4,June,,,,,,,,,,,,,,,,,,,,19.3682936939794,18.2737803636886,1.09451333029074,407.696355638572,53.6243379293658,19.3682936939794,480.688987261918
2007-07-01,2007,Q3,2007/08,Q1,July,,,,,,,,,,,,,,,,,,,,19.8288139146208,18.5675980982188,1.261215816402,67.610064156956,99.8117859520834,19.8288139146208,187.25066402366
2007-08-01,2007,Q3,2007/08,Q1,August,,,,,,,,,,,,,,,,,,,,24.8094551870693,21.5846403779793,3.22481480909,208.397829461455,70.3474642140833,24.8094551870693,303.554748862608
2007-09-01,2007,Q3,2007/08,Q1,September,,,,,,,,,,,,,,,,,,,,24.796042222579,19.8392578442872,4.9567843782918,353.173102819419,70.1021536600833,24.796042222579,448.071298702081
2007-10-01,2007,Q4,2007/08,Q2,October,,,,,,,,,,,,,,,,,,,,25.888176465893,20.6342609648552,5.2539155010378,286.770648149741,98.5058298400833,25.888176465893,411.164654455717
2007-11-01,2007,Q4,2007/08,Q2,November,,,,,,,,,,,,,,,,,,,,24.5756770786997,22.9825036392984,1.5931734394013,208.448993541211,90.5750558700833,24.5756770786997,323.599726489994
2007-12-01,2007,Q4,2007/08,Q2,December,,,,,,,,,,,,,,,,,,,,24.2166316974927,21.1688642368323,3.0477674606604,157.61256942881,59.6744782260833,24.2166316974927,241.503679352386
2008-01-01,2008,Q1,2007/08,Q3,January,,,,,,,,,,,,,,,,,,,,25.9225403158249,24.5270972722359,1.395443043589,254.90944407583,94.9953943793333,25.9225403158249,375.827378770988
2008-02-01,2008,Q1,2007/08,Q3,February,,,,,,,,,,,,,,,,,,,,25.233867897818,21.7849321282188,3.4489357695992,211.616234967511,79.9189814553333,25.233867897818,316.769084320662
2008-03-01,2008,Q1,2007/08,Q3,March,,,,,,,,,,,,,,,,,,,,27.8928695691022,22.7339650202062,5.158904548896,261.604472277399,78.2209162343333,27.8928695691022,367.718258080835
2008-04-01,2008,Q2,2007/08,Q4,April,,,,,,,,,,,,,,,,,,,,28.3257927745783,23.8094483209996,4.5163444535788,273.293011389265,151.391155230333,28.3257927745783,453.009959394176
2008-05-01,2008,Q2,2007/08,Q4,May,,,,,,,,,,,,,,,,,,,,29.541964703759,27.7610170829526,1.7809476208064,280.052406705911,71.9330525963333,29.541964703759,381.527424006003
2008-06-01,2008,Q2,2007/08,Q4,June,,,,,,,,,,,,,,,,,,,,28.3737010738415,25.9743936511481,2.3993074226934,421.199235032144,58.4246132213333,28.3737010738415,507.997549327319
2008-07-01,2008,Q3,2008/09,Q1,July,50.8032100803479,51.3844807950037,22.2650565169276,62.6733891035678,18.1033044367597,6.06525119811366,16.0446936319308,15.4170051451335,14.4612662822025,1.072232944,0.112281039,0.491788357,0.049830698,27.5097836222592,12.2015791400831,0.688282164,,,,29.8845736960134,29.1334742859204,0.751099410092935,206.51514363733,92.828291517,29.8845736960134,329.228008850343
2008-08-01,2008,Q3,2008/09,Q1,August,29.2819869354008,70.8164564648628,20.3919550013168,64.5536379203922,33.5593673480711,9.99634218137563,12.256414689,17.2803757635035,37.3687765080236,1.76138343,0.256305158,1.687887104,0.281741089,22.0260216110056,30.3380831314167,11.4756108260442,,,,27.6932648831496,24.992515680639,2.7007492025106,262.426246115413,100.906099046,27.6932648831496,391.025610044562
2008-09-01,2008,Q3,2008/09,Q1,September,24.43762126,31.1814376556207,16.9283717244404,74.575271722076,24.1310468102853,4.76403890140787,15.3054348418591,23.2014660191112,3.4285030887585,3.441870240237,0.814768146,2.011276562,2.9706506932033,26.6509282164607,10.7980407915108,8.23765411097115,,,,29.6804634923506,24.8830102517784,4.7974532405722,208.065025847942,64.813354936,29.6804634923506,302.558844276293
2008-10-01,2008,Q4,2008/09,Q2,October,66.528643142,24.594911625888,55.8820509021808,57.1086390072223,28.7857364569065,7.31873750303863,30.4147478180752,24.1737787997146,12.0912403778234,1.382019564,0.58177711,1.293837887,0.248401805,64.9679578738356,16.7595803244167,9.505424451,,,,35.3641174661405,27.8146592429202,7.54945822322032,255.247431515102,146.390053133,35.3641174661405,437.001602114242
2008-11-01,2008,Q4,2008/09,Q2,November,32.3701137987817,45.4547263684729,7.70894591432417,89.4380507681941,37.5961354583189,15.105743306645,16.9522233041379,17.6419487732982,19.8366596589799,2.384144449,0.67711207,1.81818773824236,0.172618133,32.4937091156605,37.7247802544167,14.9179665417326,,,,27.1427772063934,25.2872792048789,1.85549800151446,275.340743747205,96.952321906,27.1427772063934,399.435842859598
2008-12-01,2008,Q4,2008/09,Q2,December,37.8635509489219,35.8098513429985,11.6033029760918,54.0931233458642,26.3551877971981,6.58089831187752,30.1712960102417,32.238361260114,37.6220568316597,8.20766101226144,1.067382266,1.21469630036626,0.372497702,28.3738801152131,13.2178987073369,6.405229525,,,,28.5808705009382,25.2924756897896,3.28839481114858,270.239152154145,60.957722299,28.5808705009382,359.777744954083
2009-01-01,2009,Q1,2008/09,Q3,January,34.9803737256892,61.8609593916522,26.4676347144536,57.8762361390463,22.930066304999,6.73315289234295,18.9960790372871,24.9070746625704,21.2920722964456,1.778213775,0.312770101,2.258124054,0.21422485848997,37.3481609111151,12.0269566884167,14.163024068,,,,28.9516934663307,27.9321444298564,1.01954903647425,236.012826895508,108.132296725,28.9516934663307,373.096817086839
2009-02-01,2009,Q1,2008/09,Q3,February,59.187547331,24.5384609321023,33.2851109225356,72.610161389651,31.9961348523623,3.7661681321258,21.1344756461575,28.3622228904322,10.7627415840406,1.48202088646498,0.50583806,1.88839227619259,0.10709238,35.9954172908137,10.9335493445074,13.919030614,,,,28.1439936224969,25.0582929083269,3.08570071417005,246.278607280386,104.195757252,28.1439936224969,378.618358154883
2009-03-01,2009,Q1,2008/09,Q3,March,34.9796362659968,208.405502365397,28.5082166592245,56.6198760239807,53.2044509923224,10.2499716740904,24.43681699,38.9814334864922,41.7235812252599,3.86758353140724,0.520802506,1.27270992109781,0.212794093,40.5989058106024,15.4967725504167,10.850849701,,,,31.5409589382943,24.2737625721991,7.26719636609527,489.650759843288,80.279143953,31.5409589382943,601.470862734582
2009-04-01,2009,Q2,2008/09,Q4,April,38.617203299,31.867531777035,5.42905666897444,66.0816938513872,31.7777552205127,15.8535370762602,24.526370268,25.5893979271541,13.2037903452892,1.00603503388784,0.517546688,0.917079475,1.576025449,40.1567645611427,17.6810782354167,10.308086973,,,,35.2346025294562,25.9534535068351,9.28114902262113,187.83402517906,137.27492767,35.2346025294562,360.343555378516
2009-05-01,2009,Q2,2008/09,Q4,May,70.577064542,19.6093345395273,22.4267906454406,72.3637483989508,51.3291621259174,6.509076539,24.311308357,43.5570467497843,7.20809918072055,4.52667251772425,1.139091995,3.765134889,0.35135807,29.0678042725601,28.7865728324167,7.382571582,,,,27.8507950436663,24.8114421260145,3.0393529176518,281.005776307042,111.90506093,27.8507950436663,420.761632280708
2009-06-01,2009,Q2,2008/09,Q4,June,117.816841479535,74.4965976685592,16.0762900905133,74.66728620412,35.59676608525,10.7695436040596,47.8533075037452,50.9886595561033,36.9186835917086,3.43115958382158,5.510513147,3.49514616959349,2.061536833,45.5004719776733,30.2350714184167,12.428248145,,,,27.7995550265292,24.8478961053497,2.9516589211795,510.063768907771,57.7823541503284,27.7995550265292,595.645678084628
2009-07-01,2009,Q3,2009/10,Q1,July,61.1839107462213,87.2435337072769,53.2709806270423,74.0095006926511,48.3764284338181,19.1670597255852,7.35002453741031,19.9304795612403,29.4758064175088,0.6737496,0,2.451443385,0.872928095224011,59.8772853976788,10.2234451764167,11.025068704,,,,31.2757620426989,29.8668108674483,1.4089511752506,275.653991897074,209.47765291,31.2757620426989,516.407406849773
2009-08-01,2009,Q3,2009/10,Q1,August,28.5912125434874,62.3944281772764,15.3512730989735,84.8171650437305,29.9299594636092,4.61450549528854,22.463794262,21.147178701507,34.4296055065581,2.78148062285448,0.414845708,1.6606624752792,0.16674143,30.89289716,12.7734326913206,8.197368318,,,,31.3518547377561,28.2251830819668,3.1266716557893,302.707152217885,57.91939848,31.3518547377561,391.978405435641
2009-09-01,2009,Q3,2009/10,Q1,September,28.737323959,56.1179931620613,6.9897791384927,52.3229252055961,36.4259359951244,5.6579230994349,15.3095884769409,41.4791274555683,52.9646090170834,3.66281266396809,0.995882536,0.764510655,0.200796175,46.5686369185588,10.4785544784167,8.593656151,,,,35.1772019611009,27.7902533148219,7.386948646279,309.029237201246,58.240817886,35.1772019611009,402.447257048347
2009-10-01,2009,Q4,2009/10,Q2,October,56.9255444816613,95.4541095307995,31.8318397258012,61.9536201365643,41.2403654162782,18.6038362853495,29.738689017,20.7279892064154,44.3214379122736,1.2311745566159,0.499777738,2.686256069,0.218852439,96.8547799267577,22.5909820104167,10.696164359,,,,38.4184197651762,29.7925652289817,8.62585453619444,333.543718362933,202.031700448,38.4184197651762,573.99383857611
2009-11-01,2009,Q4,2009/10,Q2,November,40.8568444868533,30.9704981725764,15.8356811423975,97.358293497,35.397302880558,4.85634874234673,64.0677818738442,50.6587315959193,14.8749136528933,4.064495831,2.387611548,1.70183294370405,0.168325801,74.7714775871339,18.380257192413,8.681545735,,,,28.8403737455731,26.967763964952,1.87260978062108,381.93308714564,83.098855537,28.8403737455731,493.872316428213
2009-12-01,2009,Q4,2009/10,Q2,December,29.8199811914584,65.6443503666976,29.563613451685,60.8939146145011,38.7229446642655,9.60139144892655,31.2116823170176,36.8434764304284,42.5882991153215,3.230599981,1.997590007,1.181812851,0.138563145,14.9254338946492,14.948807525048,9.933209482,,,,33.2299453892221,28.8161882056921,4.41375718353,332.320383525999,58.92528696,33.2299453892221,424.475615875221
2010-01-01,2010,Q1,2009/10,Q3,January,75.0036764395722,37.1730648121951,62.1603924536872,81.0134015603862,31.9397268850249,6.94181373110736,17.890527837,20.0806042190227,5.56872624130485,1.276971672,0.539260202,1.27168528,0.320707751,71.0685072157361,21.1982960104167,8.53953511486653,,,,25.7286195437232,25.0701303154107,0.6584892283125,278.84794854732,163.138948878,25.7286195437232,467.715516969043
2010-02-01,2010,Q1,2009/10,Q3,February,38.724843498462,33.6965608781607,8.8721063011826,78.367108868968,44.1728748024887,3.93254304825554,35.369817648,34.1445812349416,25.7327060479033,3.92732637330836,1.458957531,3.857587948,0.230504246,36.0142081631321,17.6434050134167,9.069719276,,,,28.6505524270849,25.3131778907709,3.337374536314,296.787104469219,78.42774641,28.6505524270849,403.865403306304
2010-03-01,2010,Q1,2009/10,Q3,March,140.47275041323,91.9141707746026,21.0295117769848,78.4880936786423,38.9919641422126,18.054976205,44.1599168290324,26.5278857926563,23.3479187588287,5.708554892,2.048074475,1.281461597,0.340568064,42.0304953567245,16.6858767184167,8.66591230762622,,,,34.1024691367587,25.5892797894103,8.5131893473484,468.438967960957,91.309163821,34.1024691367587,593.850600918716
2010-04-01,2010,Q2,2009/10,Q4,April,197.176579620567,63.2411924799559,3.90374742440743,96.2002574105777,45.0376021502503,17.524703012,36.640718363,36.9552107690457,2.35403691191029,1.29422614113747,1.404228022,3.521218181,0.484537967,71.0322432439552,36.1200247304167,11.825732226,,,,36.9973490916352,26.9459806721052,10.05136841953,451.977189904224,172.739068749,36.9973490916352,661.713607744859
2010-05-01,2010,Q2,2009/10,Q4,May,183.623364288,66.662144277188,18.7634759892442,89.6309562633762,121.604009304765,17.4156982009616,32.582579187103,38.7780808466167,70.1148576879782,8.36861904057695,2.467984296,3.74293601355125,0.567242598,88.9178465108272,21.0722537924167,10.009720376,,,,28.1517787362054,24.1935009495164,3.958277786689,713.186232541605,61.135536131,28.1517787362054,802.473547408811
2010-06-01,2010,Q2,2009/10,Q4,June,154.391043081,166.988952076528,20.7321101996649,73.41433476834,74.0631171616224,12.0959972502638,109.777062965,49.5176790826374,48.7142476728442,16.7293324047126,5.306473313,2.978628634,3.627964396,157.482937837821,109.742200690417,13.928028368,,,,33.1990555160101,28.6224350286469,4.5766204873632,956.32401763185,63.16609227,33.1990555160101,1052.68916541786
2010-07-01,2010,Q3,2010/11,Q1,July,56.9319535719449,88.4057396241439,3.5091020833631,93.30167559208,41.3318159131181,14.8043320404154,18.35611464821,19.7013480493329,20.8581581378184,0.946309686100189,0.150789896,2.710165995,1.26977699161446,57.9764317189875,23.6996369319167,8.316512018,,,,25.9052171203296,24.9084662608276,0.996750859502,265.767888613046,186.501974285,25.9052171203296,478.175080018375
2010-08-01,2010,Q3,2010/11,Q1,August,52.547430197,63.5254798407869,9.43513671357983,95.5909363414013,29.0551919273297,6.81936700429034,30.3267278393269,28.4263224401647,7.19335238108025,3.958568213,1.736058061,2.003024462,0.835190480783191,39.6906661075345,13.6212944299167,16.104444001,,,,27.8200415380222,23.8975201852092,3.922521352813,329.236738962194,71.632451478,27.8200415380222,428.689231978216
2010-09-01,2010,Q3,2010/11,Q1,September,228.0958649437,19.8953423959777,5.06089834786571,74.0348084685996,26.4316644927642,6.58478279104908,64.2637005637815,26.8388037548997,116.32201691441,2.15072225614604,1.437533257,0.686618969905674,1.95928558860395,43.4436950160522,12.3810001094328,9.93679816,,,,32.6387794347407,25.9974659796817,6.641313455059,559.355748155188,80.167787875,32.6387794347407,672.162315464929
2010-10-01,2010,Q4,2010/11,Q2,October,253.618653246231,62.9161111946335,77.9881885758757,106.354812799105,62.9692028179595,10.7299962908174,36.2914409037557,60.7970995277471,69.1482036880321,1.44192655611111,0.730284677,2.676484052,0.491428652,175.621475581281,22.9914541459167,13.200440627,,,,37.525006884787,25.4652299564752,12.0597769283118,724.699013444465,233.268189891,37.525006884787,995.492210220252
2010-11-01,2010,Q4,2010/11,Q2,November,139.078711498458,153.871855407316,26.6728089344817,112.074768500676,51.5781536027778,20.6362377966021,133.792665006602,65.1370043917809,109.362305309174,6.30409558719258,2.23172974,3.78141807848837,1.020568642,106.010177229811,55.4660060489167,11.366193154,,,,31.642017168579,27.1227862248444,4.5192309437346,904.752509957277,93.632188971,31.642017168579,1030.02671609686
2010-12-01,2010,Q4,2010/11,Q2,December,70.4267615403833,60.9501267666324,9.91649103027691,103.533419449939,37.9184189497369,11.2363817378448,36.8224458300079,23.5095325525999,24.867802907314,2.511996941,1.143099995,1.259088672,0.482338961,49.7445115809266,39.9434008469167,11.004446752,,,,34.7622724829808,29.1284550445151,5.63381743846567,403.571866456579,81.698398057,34.7622724829808,520.032536996559
2011-01-01,2011,Q1,2010/11,Q3,January,131.37260846,38.3933599967128,81.5373150662161,93.5665316646283,73.0849199590748,19.3342031784749,43.3647448930759,22.8997479172029,6.41209673888924,0.596297764,0.527322128,0.592100171,0.868764491,74.31133382993,66.4460820199167,17.59829121,,,,33.8783663856613,28.4151670791523,5.46319930650898,435.217395326122,235.688324162,33.8783663856613,704.784085873783
2011-02-01,2011,Q1,2010/11,Q3,February,193.691296401826,103.983876991449,13.6650298739433,113.153034147748,54.5989200813112,7.32030954681358,89.118787068272,35.3261795254726,61.9639775059499,3.04091313740944,0.412358618,3.640419724,0.391434289,48.2379771639639,110.233319169917,9.796133077,,,,37.7105744482781,29.7108040452603,7.99977040301777,746.662885793076,101.911080529,37.7105744482781,886.284540770354
2011-03-01,2011,Q1,2010/11,Q3,March,205.000348490897,36.5247312733935,15.3545099725674,80.9817369898758,57.2716197565029,2.88009695,156.18508818199,23.4689223474178,6.10806027879966,2.4621058703586,0.563892702,1.072344481,1.4919320243742,59.6105111841479,33.6965949169167,8.624209697,,,,45.3444101708991,32.5021491950829,12.8422609758162,613.965992199242,77.330712918,45.3444101708991,736.641115288141
2011-04-01,2011,Q2,2010/11,Q4,April,230.235148436986,89.524139139572,26.9259522292056,105.656544814988,54.9051104339432,17.2517881112767,53.71148582,29.3446471410892,34.0014624400025,2.384249993,0.92492325,3.015241554,1.361630035,78.9700034151901,53.3250407979167,15.818176003,,,,38.4893887950648,32.186865343091,6.30252345197374,627.75851425517,169.59702936,38.4893887950648,835.844932410234
2011-05-01,2011,Q2,2010/11,Q4,May,154.867921891015,130.852246581414,25.3240682710579,87.1892952085957,61.527730279651,6.05649429601802,49.7030134477037,33.1234654604177,115.306308206685,4.992768888,2.307245757,1.276570839,1.432041364,61.1561722891635,38.8746737119167,11.161213243,,,,36.2706660258204,32.0334116381385,4.23725438768195,700.988131344638,84.16309839,36.2706660258204,821.421895760459
2011-06-01,2011,Q2,2010/11,Q4,June,92.0454435977145,36.0915280398177,52.205123643682,83.4180540503638,112.671720509042,7.68769894775508,72.2368171623261,40.5052538931949,19.9599136953617,4.82774655870163,1.870174045,2.542559619,7.939417084,73.4145262946917,25.1697438409167,25.268352985,,,,41.5583660937115,36.7517946391705,4.80657145454106,573.424573929567,84.429500037,41.5583660937115,699.412440060279
2011-07-01,2011,Q3,2011/12,Q1,July,49.4635058252627,120.167671116101,51.5382921931236,133.505741530028,45.3483400943294,23.3558551271307,24.9623530987693,48.5168971153117,5.38323172573044,0.347639666,0.164762224,3.405520371,0.817926184,126.979310753477,36.41557923945,9.666398235,,,,33.1895987100156,31.8639903074175,1.3256084025981,420.692429974714,259.346594524,33.1895987100156,713.22862320873
2011-08-01,2011,Q3,2011/12,Q1,August,173.673688623379,207.901676204211,32.8131382781262,99.86541829,44.3118535102872,21.182812378614,75.1454585234507,34.0433605249202,22.8407474557581,4.692995968,2.982859421,2.85804696,0.342843045,64.1772109432184,19.4731873949609,16.878366395,,,,39.7294270187931,33.3303100469612,6.39911697183192,727.386285165926,95.79737875,39.7294270187931,862.913090934719
2011-09-01,2011,Q3,2011/12,Q1,September,95.7033100047586,83.505053092103,12.0666115243619,72.8770148736908,56.8186888144638,7.69288136567909,33.06989839347,24.4550789861559,18.7670417186808,2.340826008,4.89290911096786,0.711644506,1.526709927,45.8651318142977,8.33816383725,13.841832495,,,,48.1162359497484,37.8292277634995,10.2870081862489,407.52904138988,74.943755082,48.1162359497484,530.589032421628
2011-10-01,2011,Q4,2011/12,Q2,October,101.421738309499,23.4592336190732,24.0059229460833,170.207789501377,60.6140226034308,22.3814951951512,37.512729325,32.6967853217773,14.8031642642069,3.562053734,0.887184501171303,4.250085297,0.747228584,95.2688902878047,46.16638336325,20.03113608,,,,51.6979303519467,35.7382244857087,15.959705866238,410.973155403825,247.042687529,51.6979303519467,709.713773284772
2011-11-01,2011,Q4,2011/12,Q2,November,57.1714467237133,148.723608201052,17.3163972644071,82.8538865478159,76.8321760847287,10.8758450353193,75.826221098,41.0730703631632,79.5013427283852,4.238757833,1.320789285,1.329212722,0.902235785,49.350291063355,46.00009094425,22.754685109,,,,43.0247132710537,37.3957700546415,5.62894321641216,641.767387198189,74.30266959,43.0247132710537,759.094770059243
2011-12-01,2011,Q4,2011/12,Q2,December,99.0126952965517,55.6219534332164,13.4359065330908,70.2776885005453,59.0014223578723,14.5137458813923,52.017126623,23.3196157072154,22.0548089045042,7.262728058,10.1343371154715,1.94816026711635,2.82828668271435,42.4978354765413,24.13849152425,23.893523665,,,,49.2039210852524,42.9922128192049,6.21170826604754,447.781547005482,74.176779021,49.2039210852524,571.162247111734
2012-01-01,2012,Q1,2011/12,Q3,January,130.357997178323,72.3210916785818,90.4177085426492,122.554385428702,84.7589921349413,22.6862445252198,44.869316177,41.0637286954385,135.033228513285,23.8965700267715,0.666730322,3.372699595,0.704031258,358.192943164549,34.4426849568043,15.143151922,,,,42.98430035247,41.3725137797225,1.61178657274749,924.391548753266,256.089955366,42.98430035247,1223.46580447174
2012-02-01,2012,Q1,2011/12,Q3,February,101.892279601832,181.44524831302,25.4542748584758,86.7643246560133,31.7209924035924,7.60715648947903,76.504433539,32.9592502240353,18.243987357344,4.16369537,1.735379125384,1.3891416,1.088548354,48.6545642271521,18.06219158825,43.132129008,,,,51.6235983311582,46.7810008417073,4.84259748945086,604.047332923977,76.7702637916,51.6235983311582,732.441195046735
2012-03-01,2012,Q1,2011/12,Q3,March,72.0319853186982,55.2451772774929,9.05132927196237,69.4747155133133,53.59690745155,4.25146366403432,27.872285489,26.2551389651629,31.8891080878344,3.942971074,0.993198253109445,0.813797732,0.224933448,51.2045305102349,17.7979661918481,21.766024158,,,,61.0702648555056,53.2257413931287,7.84452346237697,368.770111831241,77.641420575,61.0702648555056,507.481797261747
2012-04-01,2012,Q2,2011/12,Q4,April,67.265830528,109.766134557638,30.7259415636402,126.000822611895,72.176724796,33.6419996049897,64.391049794,39.8468596386908,11.1464140770232,4.726600697,15.1953859895112,4.360569937,0.659503244,154.279727842172,42.94863062025,33.691313834,,,,66.2808044877823,49.3013758243202,16.9794286634621,623.37941454381,187.444094792,66.2808044877823,877.104313823593
2012-05-01,2012,Q2,2011/12,Q4,May,148.555315915335,85.1442107916951,12.3186656322527,118.333014504993,41.5481029927509,17.2066983175555,41.7124976174534,25.7324345439749,65.9091390919407,6.55285734081372,8.40747691902429,4.32017750841782,3.748995665,68.8672224563318,21.98624457725,10.631369653,,,,59.9569017743301,54.8470600257766,5.10984174855345,595.94328127179,85.031142256,59.9569017743301,740.93132530212
2012-06-01,2012,Q2,2011/12,Q4,June,75.0339628878354,153.20190330678,29.2211615139161,95.2586628139347,57.5784145428349,19.386059602635,50.3621703933635,43.7775183488001,68.0475841149531,3.420313747,2.29693465579054,7.947948073,0.531739831,64.8147205450079,44.8930704096258,23.49637214,,,,56.4245349112377,50.0129703180269,6.41156459321074,661.382299980477,77.886236946,56.4245349112377,795.693071837715
2012-07-01,2012,Q3,2012/13,Q1,July,62.2561262276053,135.213873942145,6.507185253,96.7930624060065,81.1083475726875,52.6226526171554,40.7533790477686,64.0331494026401,7.12079687868793,1.088692429,0.551451739,3.53835538,0.977824092,123.002471484841,29.51100988725,18.646858896,,,,65.1716546368023,63.7255923559004,1.44606228090192,602.742939390764,120.982297865023,65.1716546368023,788.896891892589
2012-08-01,2012,Q3,2012/13,Q1,August,113.802272785225,135.608638823281,68.4858306201249,183.77973637198,46.6442878288229,32.554247858143,66.6410381569827,36.7406249776199,15.9945040501621,7.437053411,4.030941405,2.101249795,1.271767002,107.423871095218,27.2063951942125,17.085650407,,,,78.7590261636486,73.2750970993761,5.48392906427257,614.218220797438,252.589888984333,78.7590261636486,945.56713594542
2012-09-01,2012,Q3,2012/13,Q1,September,37.284488263,33.999425387245,7.091310335,83.1015002200672,85.6873599306399,26.8757608771681,26.4376950013843,33.7298694009021,58.8768183328715,2.461281268,1.516236615,0.347996996,0.251615181,47.5168249840335,24.92634865225,16.856249038,,,,77.5383221839625,65.287977240735,12.2503449432274,401.801683547795,85.1590969347669,77.5383221839625,564.499102666524
2012-10-01,2012,Q4,2012/13,Q2,October,46.5051517422618,18.3595343665575,11.1949724409399,50.0598039763099,7.04754616719638,33.8546203390525,31.1023215310296,28.19230100458,6.32379033904598,5.500064604,0.366620349,0.385294982,0.453166414,45.1266638942084,16.593001695,18.172049344,,,,79.454211825525,64.3273262563195,15.1268855692054,319.236903189182,0,79.454211825525,398.691115014707
2012-11-01,2012,Q4,2012/13,Q2,November,108.569412794812,456.007102006789,42.429034692,206.656424927792,279.761444745244,32.6648975059726,74.07138465,52.8749177940232,34.8020733498821,19.599524537,4.065468075,4.596704071,1.878171419,75.0690035959959,31.98524872185,22.579138279,,,,76.8118026596488,71.0370412474184,5.77476141223033,1173.14900083637,274.460950328993,76.8118026596488,1524.42175382501
2012-12-01,2012,Q4,2012/13,Q2,December,72.1264376334688,180.271219903704,15.0727734104504,158.557621365383,222.019181265732,23.8919026185113,32.5900670905168,50.4145076864349,19.2205240707158,4.017591462,3.60309388,0.698320034,0.763039089,90.8735818440302,26.3437369855,17.903045103,,,,70.0131412674495,62.6259576401414,7.38718362730811,737.540321782447,180.82632166,70.0131412674495,988.379784709897
2013-01-01,2013,Q1,2012/13,Q3,January,83.9125394935848,29.4750913480136,4.450154849,12.7755035075272,6.97389003580153,11.9734559717742,35.856030339,41.5924076260542,11.7930813278782,1.717130942,0.540807726,1.362782117,0.49656895,27.9874358334013,31.45271377,17.618057025,,,,75.2350156465602,69.5365441318827,5.69847151467749,319.977650862035,0,75.2350156465602,395.212666508595
2013-02-01,2013,Q1,2012/13,Q3,February,118.524148270303,272.450381374074,68.479661528,221.172558977585,143.263633464368,16.9512131514183,58.0464035114179,82.9170683294733,11.8732966842706,4.267377209,1.41914304123433,4.321273588,0.564632654,99.8805142970664,34.74356207425,18.333451401,,,,69.6747934550601,63.4334791117928,6.24131434326727,851.749107716129,305.459211839333,69.6747934550601,1226.88311301052
2013-03-01,2013,Q1,2012/13,Q3,March,64.6299942899791,65.959720604574,18.74948291,153.177139856725,42.130289391466,39.0360793170602,41.90073702,38.916418598575,39.3722706560979,4.179221664,2.3807514888656,0.901574225,4.34122242,96.3029569926909,21.8736055575,18.346811843,,,,76.6742392604088,63.2830887570097,13.3911505033991,469.523015970038,182.675260865496,76.6742392604088,728.872516095943
2013-04-01,2013,Q2,2012/13,Q4,April,92.706781665758,48.8688791966807,21.8120290890686,101.111905289028,29.1881646567928,8.44614430983776,42.905552263,38.1367851621923,28.379931815106,1.798773603,3.4966260539159,2.94443973574086,1.315058212,79.7594686434484,42.2050394115054,18.541872243,,,,78.6092636634018,62.4692369957411,16.1400266676607,467.233716681482,94.3837346685928,78.6092636634018,640.226715013477
2013-05-01,2013,Q2,2012/13,Q4,May,82.9468352299103,89.369757230004,33.1955522166794,25.7076182081114,55.2683663576136,13.1045489793781,57.6631524618769,43.4650491224568,7.04364546517298,3.319115075,1.405043136,3.80678203502562,0.806494374,121.756082082409,31.367766728,20.590715676,,,,73.5755980892959,67.0213820651997,6.55421602409616,523.159861936209,67.6566624414299,73.5755980892959,664.392122466934
2013-06-01,2013,Q2,2012/13,Q4,June,96.2783233690063,253.48234720619,56.811715822949,163.676527340728,74.2999260057822,25.548003968,86.16698168,69.9836346786327,10.1215023580071,9.147278293,4.28760202,3.601153057,0.680145463,186.14397660297,47.3801461925,27.407647356,,,,68.1839813951066,62.4878577432608,5.69612365184578,924.391669851127,190.625241562638,68.1839813951066,1183.20089280887
2013-07-01,2013,Q3,2013/14,Q1,July,212.35892621756,309.866772498794,21.6900371804011,151.991965117821,49.3117895762779,8.46370228560099,42.698104908,91.5327438674805,32.8542734452779,1.424926763,3.38495523,0.778851531,0.328758659,121.02200563882,32.8986934820613,20.060130871,,,,68.8633380849949,62.4545865699078,6.4087515150871,977.408161718011,123.258475554083,68.8633380849949,1169.52997535709
2013-08-01,2013,Q3,2013/14,Q1,August,47.057810143813,105.924537330712,76.1294053660729,206.139739346946,103.175809212675,41.662713372254,55.195584545,53.5278603413137,26.6214273319438,6.471347407,2.30699349952522,4.090152042,0.870166708,118.925080587819,30.8012314410613,18.291485858,,,,74.1214618229785,67.2216410844857,6.89982073849284,601.576806511184,295.614538022953,74.1214618229785,971.312806357115
2013-09-01,2013,Q3,2013/14,Q1,September,37.5190283292045,198.694594802438,27.8955493957217,86.017578100026,41.2358974573223,10.1276922433939,58.5997715099824,46.3392189591246,57.3123460175309,3.500634264,1.610431734,1.483396034,36.1488322520393,56.3736157053797,26.5510389810613,20.072585248,,,,77.3468293486268,64.3899843473716,12.9568450012552,616.116909557141,93.3653014760833,77.3468293486268,786.829040381851
2013-10-01,2013,Q4,2013/14,Q2,October,128.149856557721,41.5986363064464,32.752375978527,195.504859977535,55.8135094065524,22.708516785,41.321929394,62.2461789195136,9.21531933115554,3.83676695848304,6.615717889,2.442804015,0.560693468,140.174656486032,45.373960683476,18.315793394,,,,85.7994221289842,69.9945270446568,15.8048950843274,515.452787582016,291.178787968426,85.7994221289842,892.430997679426
2013-11-01,2013,Q4,2013/14,Q2,November,94.7749661294524,375.071058905751,20.3911631969796,126.971873689416,89.596873953536,41.4943217211055,74.216108854,61.9143879299167,44.0264693593754,8.241501696,3.108377552,3.229657447,1.80402008,89.6073730399348,37.1066322790613,19.782986901,,,,72.1806348438978,66.5081120528087,5.67252279108915,996.029449073445,95.3083236610833,72.1806348438978,1163.51840757843
2013-12-01,2013,Q4,2013/14,Q2,December,66.8720172951138,181.870465425936,23.3845230925097,99.5961586443834,57.2706383269805,80.2705947317266,66.108113676,45.2818233025497,36.5742917911477,5.12358078717365,1.083533314,2.121141858,1.79556981,67.839511420767,27.4469259780613,21.903342627,,,,76.2821688895092,68.4974884777621,7.78468041174717,685.259447797182,99.2827842841667,76.2821688895092,860.824400970858
2014-01-01,2014,Q1,2013/14,Q3,January,65.0509559646325,206.949382591859,66.9691515963601,187.82856015612,48.038328764,55.9101269184042,32.561660922,66.2562109969167,3.02258295372876,1.952234792,67.1313833445071,2.30755095,0.620764362,90.8980020453273,57.7283715770613,17.382382402,,,,80.8861123998752,73.6031881814982,7.28292421837695,625.068131000834,345.539519336083,80.8861123998752,1051.49376273679
2014-02-01,2014,Q1,2013/14,Q3,February,129.405563285005,137.239696840147,29.2196708067057,126.20066569253,85.2154326415898,6.953402558,97.243389559,39.072993745593,24.510500571422,8.260368669,2.203029523,2.995130133,2.46415223,59.6448755065976,27.5918638490613,17.83712449,,,,76.7330721010722,70.4394313966133,6.29364070445891,696.770791052568,99.2870690480833,76.7330721010722,872.790932201723
2014-03-01,2014,Q1,2013/14,Q3,March,93.6530303031017,26.4615907508457,14.1250425380641,116.941423755337,57.5583081398108,17.597805243225,53.927588177,38.8236613860621,10.7460426594959,6.427118583,0.943001112,1.776843906,1.830047352,66.2557704686882,24.5478349600613,17.358635277,,,,83.7461726756374,72.9817971233061,10.7643755523313,437.865730747608,111.108013864083,83.7461726756374,632.719917287329
2014-04-01,2014,Q2,2013/14,Q4,April,87.7147388280091,323.529755925098,34.4372567423332,130.778143354494,51.2453073651962,21.6226470527513,55.335786653,62.0766254619167,9.67771948886276,3.09787250598041,1.977158844,14.974637917,0.82240625,147.660072316766,39.4836468883897,15.979952135,,,,97.8159601527487,75.3018509039076,22.5141092488411,806.329265924714,194.084461804083,97.8159601527487,1098.22968788155
2014-05-01,2014,Q2,2013/14,Q4,May,140.680973334691,115.922374034496,16.955690824,105.640554418222,49.0026808640762,46.592309051249,134.519644222,50.6975946009593,42.8693719497873,4.68306373,3.74011285435934,1.981979079,1.463289201,78.718958171239,24.6077324470613,20.603326772,,,,89.8666151037293,83.7743062244287,6.09230887930052,738.920488909057,100.059166645083,89.8666151037293,928.84627065787
2014-06-01,2014,Q2,2013/14,Q4,June,148.94832882,82.7234238475905,64.5024275126427,121.478304809268,115.814554912808,35.8305088484159,204.65799271,68.3713109399286,35.6847064030776,4.793048616,2.139111164,3.594152891,1.341713348,131.22434715614,33.9360860800613,28.785029224,,,,86.4957214293503,78.2093575021278,8.28636392722253,981.353883595849,102.471163687083,86.4957214293503,1170.32076871228
2014-07-01,2014,Q3,2014/15,Q1,July,46.4137060478511,298.931295410466,9.60679910738339,227.528960816278,80.5252902295847,42.2995257603326,51.5035783581724,108.550941462646,91.4712442766776,4.68286982837146,6.08553304250144,4.33696421,1.626866576,99.8404485528546,48.9895436776667,24.567052343,,,,93.3443372779464,85.4370301195926,7.90730715835381,865.057021551786,281.903598148,93.3443372779464,1240.32402897773
2014-08-01,2014,Q3,2014/15,Q1,August,96.440453551,244.197217078481,32.6915921144333,131.406695049259,49.6987316952481,35.0179907950132,74.1932384824097,86.4205657928178,34.1752334469807,5.109784007,2.588313583,1.915897598,1.289330608,70.9716100363404,36.9089055546667,16.749593821,,,,86.4399422432675,79.6761422700973,6.7637999731702,807.513228328651,112.263070885,86.4399422432675,1006.21624145692
2014-09-01,2014,Q3,2014/15,Q1,September,128.656141485542,33.8588884625752,52.7619714426721,85.6256572610149,55.9739425628393,23.8325805304635,54.1968876162171,37.5683705652602,49.4593195687645,2.893858871,1.143743925,9.693080731,0.600607141,94.6656234233709,18.0919829776667,19.597731419,,,,99.1624152565966,85.2489062263025,13.9135090302941,523.849102272387,144.845139711,99.1624152565966,767.856657239983
2014-10-01,2014,Q4,2014/15,Q2,October,80.1826816486491,136.634134534386,15.0594795876399,231.099099760891,74.8937033693908,70.3941213848078,47.4362224258279,75.6666129838198,44.3438192378843,4.228898687,4.929013499,4.986737187,1.488199215,101.648557727748,70.758621223,33.313284303,,,,111.594203492382,90.2078917653962,21.3863117269856,720.162470002045,276.900716773,111.594203492382,1108.65739026743
2014-11-01,2014,Q4,2014/15,Q2,November,119.257377423733,207.363338507538,17.5516092661445,107.907329889207,82.8110953760834,19.5303684165435,76.609024077,44.0259063337587,14.3288954229252,6.787037665,5.359120818,10.362573251,1.048160354,90.2653772066853,32.542103691,26.524551056,,,,93.7345503874691,83.441656930567,10.2928934569021,750.106907137619,112.166961617,93.7345503874691,956.008419142088
2014-12-01,2014,Q4,2014/15,Q2,December,105.260776916755,231.237076467505,31.1693755939865,102.083677729615,50.2259432937246,96.0445586496046,60.5332183652996,63.715801883804,41.1842690122747,5.393506066,3.17379147155913,1.823980074,2.112252293,90.6015955743762,32.597939401,19.448359248,,,,93.5181968202996,84.3519696887691,9.16622713153047,820.070964229504,116.535157811,93.5181968202996,1030.1243188608
2015-01-01,2015,Q1,2014/15,Q3,January,135.1530645643,140.177520157249,25.8077916114612,238.530903179917,108.943943942235,39.3190702205038,73.4474293676137,68.4594018405755,46.6491096059186,3.374272084,1.307805083,4.199257186,1.060585182,103.379888209717,66.8046426486667,25.521332432,,,,103.383992295545,93.7367250762551,9.64726721929005,773.194785960158,308.941231355,103.383992295545,1185.5200096107
2015-02-01,2015,Q1,2014/15,Q3,February,51.274989109,177.577599190604,64.5720564032799,107.378565719392,89.5188396715428,14.2411080886916,101.437438138,46.108207807634,27.9310488424309,5.981601487,2.461358851,2.184649848,2.246831109,68.2088187844358,27.4252883856667,30.748548303,,,,96.1842307463401,88.740814097523,7.44341664881715,716.868726822677,102.428222916,96.1842307463401,915.481180485017
2015-03-01,2015,Q1,2014/15,Q3,March,69.8789526993,113.183856459775,21.2158194497491,116.717612915,44.9243305785927,24.0585965022338,60.914396642,51.0969506655824,28.8797019418218,5.3742291955181,2.0400914587,7.664443635,0.77214612,91.7738533117568,19.9222854576667,22.843832923,,,,106.452120568192,92.5484320959481,13.9036884722438,552.762957001697,128.498142954,106.452120568192,787.713220523889
2015-04-01,2015,Q2,2014/15,Q4,April,178.776631818646,136.174268778789,20.7321216721685,187.421690378722,121.376206051432,35.7883352962286,76.780368825,68.488305609378,15.7528053859405,6.176181795,64.2396685885597,3.696756014,0.776836152,101.189103899657,80.7251698676667,23.149926896,,,,121.868401995756,102.806551955032,19.061850040724,851.898631418188,269.345745611,121.868401995756,1243.11277902494
2015-05-01,2015,Q2,2014/15,Q4,May,101.450570004,249.099215528504,27.3853315548432,109.928967897034,61.5070573180586,36.948892757941,109.206146056,58.2973427256401,31.807741475547,12.967259942,1.827774135,17.186215956,1.064312871,80.778830259359,35.9010616286667,28.386178159,,,,102.176806730484,95.1527772440071,7.02402948647691,844.211509981593,119.531388287,102.176806730484,1065.91970499908
2015-06-01,2015,Q2,2014/15,Q4,June,162.3785740142,324.281780575388,93.44337805649,160.302234174452,51.1397940170892,40.0292727240965,95.996039946,81.6630210346899,18.516176006874,6.021497959,22.3651775681,6.211937744,1.823938038,135.188780639963,98.2194319186667,49.926055033,,,,105.092102367026,95.4947064705593,9.59739589646688,1190.72693256701,157.005156883,105.092102367026,1452.82419181704
2015-07-01,2015,Q3,2015/16,Q1,July,105.929168735921,184.933387791458,7.8853274646659,166.654932877631,131.156204092953,68.5338266425243,57.877207349,72.9978252278676,20.0377123109415,5.04646609407862,8.260159283,12.445516533,1.066272049,123.694508283254,63.9342271593763,58.37261662,,,,142.405851373147,129.78649651,12.6193548631465,849.557341790172,239.2680167245,142.405851373147,1231.23120988782
2015-08-01,2015,Q3,2015/16,Q1,August,155.751813934951,199.939488670001,25.424559372856,112.869040166678,59.534696738384,36.1931869983979,82.231947997,42.501716181702,70.9999172601695,11.000591211,3.40809639,4.737559282,1.436243832,48.8270000511911,55.0005808963763,22.106702116,,,,91.3777899877348,83.064254348,8.31353563973477,804.834733874707,127.092077224,91.3777899877348,1023.30460108644
2015-09-01,2015,Q3,2015/16,Q1,September,95.9802239249048,83.2541869070057,30.9865989296017,192.444246619172,73.7834718204687,18.4162201024322,64.5786489762937,44.5384929968289,9.4711976182097,3.96994472,73.2598180570451,2.13704484,13.744392287574,39.3899636698806,72.5513675783763,20.378534216,,,,155.610714451675,125.369699334,30.2410151176746,658.939502188794,179.944851075,155.610714451675,994.495067715469
2015-10-01,2015,Q4,2015/16,Q2,October,202.524111634783,283.946962950385,18.7309347908365,172.376950084642,98.6525480802001,61.3681141609733,82.606592495,83.2997752212739,34.7752829991314,4.629436556,2.379330017,4.13627238649124,1.023462401,219.193134449451,98.5296292223763,42.372922694,,,,90.3002781917664,80.135009007,10.1652691847664,1168.81938256439,241.726077579151,90.3002781917664,1500.84573833531
2015-11-01,2015,Q4,2015/16,Q2,November,67.304087826,146.981036585842,44.6388331191257,142.871568813638,84.7287632089607,101.521418815934,144.017711413,100.336186211072,44.5914800353392,5.956862673,6.283633974,3.759938617,1.20136586,75.7457753546012,51.0651561103763,28.70731648,,,,131.408839047846,123.093601072,8.31523797584591,894.065890949502,155.645244148388,131.408839047846,1181.11997414574
2015-12-01,2015,Q4,2015/16,Q2,December,336.733613667224,117.187536840097,33.3164470343316,122.60706679533,139.908763844884,43.8212079281244,65.34852404,47.5556808710439,90.5575744796122,8.257484726,1.294601177,1.986308841,0.703213822,68.280933476279,135.836117711376,41.571410253,,,,132.2561698181,115.891579606,16.3645902121001,1122.4041945113,132.558906996,132.2561698181,1387.2192713254
2016-01-01,2016,Q1,2015/16,Q3,January,144.828285364,156.496937911535,27.3919473917945,247.759295030833,128.096118693841,18.133964197,86.770926439,55.0532214742233,13.0534836487079,2.555242926,0.577745682,6.52748063849124,2.080595452,215.634170701886,53.172269692413,46.546815968,,,,185.357454860389,148.312799589,37.0446552713889,807.698904834747,396.979596376978,185.357454860389,1390.03595607211
2016-02-01,2016,Q1,2015/16,Q3,February,116.186827368,119.848671275356,33.611635167978,137.715164548905,76.5939711436418,102.482900876799,112.141266816,43.331884306426,38.2015146597597,5.906151318,2.506490053,4.698250101,0.801376951,64.5876340270821,108.717970623413,27.023381902,,,,128.296254997419,102.119400793,26.1768542044188,842.712296405361,151.642794733,128.296254997419,1122.65134613578
2016-03-01,2016,Q1,2015/16,Q3,March,76.531329041681,108.034394146479,17.7552232611285,113.182338665134,50.0762992799555,18.279522433102,69.106248022,47.5846568503194,33.5979507377515,4.888814516821,1.814589095,3.204816842,0.776853861,46.913983323182,59.728119698413,13.702900207,,,,168.221380245969,154.267893865,13.953486380969,530.436472619967,134.741567361,168.221380245969,833.399420226936
2016-04-01,2016,Q2,2015/16,Q4,April,130.362504744,235.265312025493,13.4251845010602,266.60975592556,74.914361741368,23.7775756303664,85.079262353,94.8431840670622,20.0732833520459,10.500699855,32.829728531625,3.24891060449124,3.189696936,149.996467650298,79.716873178413,24.68528973,,,,116.067508616034,92.799239016,23.2682696000341,977.642412337717,270.874828488066,116.067508616034,1364.58474944182
2016-05-01,2016,Q2,2015/16,Q4,May,79.938609863,142.646481342896,76.7747913811015,165.363817965213,66.353688383425,69.97864279892,127.792916764,63.2929243885517,98.71718698189,8.517043991,4.189048311,19.612254375,1.242209931,115.769048255932,55.714983722413,32.915146497,,,,148.647036750876,137.487351717,11.1596850338755,987.469327111343,141.349467841,148.647036750876,1277.46583170322
2016-06-01,2016,Q2,2015/16,Q4,June,153.185703189749,294.672535215169,71.6283545655844,161.992453569491,89.8308775859324,34.5165858652353,183.6669361,86.8744337436556,40.0287907630768,11.663974999,16.906316569,6.448880238,2.503761012,120.94285562883,73.039334806413,58.385545969,,,,191.764729980353,177.372792875,14.3919371053526,1216.54555417114,189.741785649,191.764729980353,1598.05206980049
2022-07-01,2022,Q3,2022/23,Q1,July,46.3436826064828,1.03581484753974,93.7563818436667,0.174355223666667,0.389730646333333,2.24860302838291,121.773488510826,13.9944459179515,124.931883267834,0.899141082,0.15771811,378.347117208908,0.582337826333333,4.227128737,1.710363103,326.355983646833,58.0974059073504,35.3184417055,0,643.8119917823,451.544043742,192.2679480403,1026.62332507238,322.049911900035,643.8119917823,1992.48522875471
2022-08-01,2022,Q3,2022/23,Q1,August,51.9409747705777,2.9709901089371,2.45024234266667,4.63013403466667,15.8601903713333,12.9291186388979,93.2356155288842,111.709924334352,271.611031743682,10.997212197,2.640046802,556.852143950875,1.72341819533333,18.59391065,4.519331002,782.743770143833,132.221673848924,36.7697056235,0,218.663042508577,172.878968525,45.7840739835774,2018.98681496176,322.049911900035,218.663042508577,2559.69976937037
2022-09-01,2022,Q3,2022/23,Q1,September,74.5620913231612,0.00328855866666667,2.46947509666667,0.740369238666667,0.679933666333333,14.7394554656326,61.7888292254261,140.164123356744,126.237746961394,4.584947867,4.453073012,752.316923801757,47.4768491073333,11.910715738,1.22847927,390.500108040833,69.3458855176667,37.4439035915,0,644.482130621422,488.417399407,156.064731214422,1394.66374139131,322.049911900035,644.482130621422,2361.19578391277
2022-10-01,2022,Q4,2022/23,Q2,October,70.0075955242654,2.45432136336862,609.083623246,108.964467436333,1.77866742966667,22.883056253495,247.630853772823,144.398243541638,485.469102786238,10.190489638,9.53921533,758.602730148354,27.9739903551168,17.716528034,7.769035058,996.410165967327,81.7615404051446,37.3037692745,0,349.275783309803,307.607459804,41.6683235058028,3525.37316803379,428.080641226625,349.275783309803,4302.72959257022
2022-11-01,2022,Q4,2022/23,Q2,November,137.977282422022,4.791612551,7.740232235,1.09246875633333,18.9127679226667,23.316230438,154.347869336333,42.1665640790616,437.470559750603,11.495574936,4.467096529,732.650880074152,1.88771043766667,20.147133323,6.402769467,413.721466767833,141.329771879,40.3508570905,0.55151105,657.271394473805,617.659671279,39.611723194805,1892.06123748383,428.080641226625,657.271394473805,2977.41327318426
2022-12-01,2022,Q4,2022/23,Q2,December,86.3650601982352,9.7518838767808,-221.741375552,301.183440176333,5.05191712066667,54.5158963554891,53.4695438950484,49.4539645848611,472.893463340246,10.785318749,7.365256082,770.498436973696,3.89868767466667,12.292773177,1.706500488,420.94228064564,97.020411498,38.5709932565,1.424880703,343.085106990391,242.239103851,100.846003139391,1653.5131566786,428.080641226625,343.085106990391,2424.67890489561
2023-01-01,2023,Q1,2022/23,Q3,January,48.2210092956797,3.719729391,21.002240656,9.22800680516667,17.0990055355,20.8300222337075,65.336373849,15.2878060717855,546.26746096814,5.285540068,4.360019069,505.349839650806,1.53702792966667,18.674113674,4.73649988333333,890.8570416785,131.593833103833,42.171171878501,0.001298,641.530723838316,448.202271495,193.328452343316,1991.8903910604,567.280499804072,641.530723838316,3200.70161470279
2023-02-01,2023,Q1,2022/23,Q3,February,122.444314195421,3.445987844,106.142708532,16.8719480331667,2.9807756795,21.7383309986667,26.1145211519826,113.453398935252,286.584356132069,5.248441306,18.001350159,593.73995298055,28.5931321366667,19.437729288,7.09794153233333,373.3770328095,91.5506800975501,44.602206163501,2.454680523,243.547325674237,178.1401870615,65.4071386127367,1615.39770936249,567.280499804072,243.547325674237,2426.22553484079
2023-03-01,2023,Q1,2022/23,Q3,March,246.949426302088,13.1547736990563,11.715088636,9.57399483416667,4.2973013475,69.4441094622207,262.857966778,33.3423748082903,278.825249671887,12.814722613,1.375412616,691.030043751756,45.2170203699896,15.086276316,2.28870596833333,296.2616515285,107.443189736737,43.066576723501,3.047581825,752.047796679316,561.1494585545,190.898338124816,1649.78650390733,567.280499804072,752.047796679316,2969.11480039072
2023-04-01,2023,Q2,2022/23,Q4,April,63.9954851890493,2.870365464,18.224203847,1.90194120116667,16.5056625965,13.0508086702145,35.461160347,27.3480891109752,228.933052036224,11.282311045,5.766810786,448.97946991599,0.874520070666667,12.933396402,4.17250423833333,880.5789821295,88.1009775598333,46.6659807206675,10.169406585,360.127255779523,320.44294768,39.6843080995229,1644.14050901516,586.03136979413,360.127255779523,2590.29913458881
2023-05-01,2023,Q2,2022/23,Q4,May,161.011138658394,7.90048286001759,9.528104656,10.6373216351667,7.9968489915,39.8906586844596,544.573821663785,110.387491471781,558.172652036081,2.228531735,11.116588673,734.815175629693,25.9364360296667,23.679159981,8.61671156433333,552.2091317945,141.927092412833,51.1106793486675,-9.797312539,581.41770179738,542.207586252,39.2101155453797,2683.59023201792,586.03136979413,581.41770179738,3851.03930360943
2023-06-01,2023,Q2,2022/23,Q4,June,213.817069180313,18.417299289,170.363294615,41.8721644481667,14.3445550395,87.5084843481974,151.126448061962,82.9098298794988,484.296143484329,22.254203755,20.103994928,846.445219100762,83.0746549076667,34.360169273,9.73513603433333,1081.38966779779,172.734572915833,75.2909344996675,51.150580185,476.472521965931,380.84367777,95.6288441959306,3043.17092244729,586.03136979413,476.472521965931,4105.67481420735
2023-07-01,2023,Q3,2023/24,Q1,July,88.8101370976922,2.79300035911328,23.2345012836667,0.289898155,0.632594032,10.3102628123914,36.3629381300875,55.5429032836868,276.521513524593,0.73087323,0.963973685,444.132772119276,0.664478198333333,7.466228851,1.8910141756667,364.536173866244,75.7948977059017,127.059277324659,0,644.292358977469,449.242862813,195.049496164469,1198.44025029654,432.099404880264,644.292358977469,2274.83201415427
2023-08-01,2023,Q3,2023/24,Q1,August,59.3068357860172,1.098047022,4.85148521866667,1.379203095,12.562621002,10.2997251584544,10.3525761320875,34.6484515032476,191.077417033486,266.486623737262,6.756499946,562.606400718657,6.68985296362916,18.031976643,2.6961080576667,482.703626793,253.179615429352,128.827626892659,0,442.896623932142,414.672407953,28.2242159791421,1757.52639307089,432.099404880264,442.896623932142,2632.5224218833
2023-09-01,2023,Q3,2023/24,Q1,September,78.1441110605729,3.21442997572806,4.88275072166667,8.923433983,3.299946109,7.7137568541706,8.22000772908753,62.8362961349137,153.312731441012,41.5576691327188,18.2003871576768,562.54857088507,40.8013031933333,15.215838555,1.6308581716667,377.840424364,97.4640642352678,127.994063247659,0.315399537,530.766576394395,399.324387401339,131.442188993056,1303.89466013884,432.099404880264,530.766576394395,2266.7606414135
2023-10-01,2023,Q4,2023/24,Q2,October,140.644101822247,0.869851594,173.619069022667,9.746916875,22.801271279,31.048673036033,139.192641559088,56.6072985007846,704.805490688498,3.600704856,6.351215948,781.27320375434,71.6306161803333,19.252343998,2.6934685476667,1488.647924702,109.110637969333,169.066301686355,0,279.598228355556,249.769855535443,29.8283728201135,3449.48718600238,551.858826600137,279.598228355556,4280.94424095807
2023-11-01,2023,Q4,2023/24,Q2,November,106.684264523825,10.5315099970902,9.34962725366667,1.566843994,10.530670398,45.1245629258919,145.131522971546,141.187205469463,656.347595094449,2.135469227,23.005894923,661.705155103419,6.78462637699169,18.141490854,5.9976381526667,476.490314613,192.284622149333,170.956473269355,3.81030396,761.10473483127,727.507821548164,33.5969132831061,2236.5681230458,551.858826600137,761.10473483127,3549.53168447721
2023-12-01,2023,Q4,2023/24,Q2,December,145.675053949694,5.427237861,10.9150098356667,23.823667787,4.444434155,68.96436274614,14.1205466200875,96.5643144301573,268.904731014547,21.1452556896785,18.0186284746177,701.676763116152,42.2005148671201,19.505572864,2.3840722136667,782.90155001453,102.090067573246,171.438218668355,1.542304419,408.33705285399,214.569269250393,193.767783603597,2091.34877375491,551.858826600137,408.33705285399,3051.54465320904
2024-01-01,2024,Q1,2023/24,Q3,January,80.941035177397,15.3530183062187,28.9792407581667,0.900333563333333,9.97969717483333,11.0936413384186,38.9243347650875,111.321063208844,374.251399925611,1.159286172,6.918977631,576.6285578065,90.1401512003333,15.712536537,2.58373828850003,496.684800435667,108.806296925167,125.324528004515,8.67491287,707.4688093213,455.655399238464,251.813410082835,1721.48716680608,493.32223756011,707.4688093213,2922.27821368749
2024-02-01,2024,Q1,2023/24,Q3,February,71.991457105218,4.48002466893104,4.51869923216667,1.31792395033333,2.52200374283333,13.4548131167206,47.5380960696968,61.5076131865756,255.785985204512,3.521788887,10.3371296433534,588.745130925285,5.61220807833333,19.093477823,1.86750624850003,567.091574332667,250.697684946543,128.202246352515,1.892394752,438.916328617845,399.283209462,39.6331191558449,1670.2400323406,493.32223756011,438.916328617845,2602.47859851856
2024-03-01,2024,Q1,2023/24,Q3,March,91.4805761532907,1.882346845,5.68546481016667,23.7679634193333,5.56706468983333,31.143609486138,331.017058913088,40.4248118607415,236.259892495074,5.548116318,28.7964923770381,815.843181684711,97.3256874643765,18.542826501,8.94993984350003,683.366818215667,125.682931601167,127.100573507515,0.093863999,505.852942935403,356.602294965,149.250647970403,2280.55355572418,493.32223756011,505.852942935403,3279.72873621969
2024-04-01,2024,Q2,2023/24,Q4,April,80.834467161891,4.429258517,22.5124267751667,1.41829550533333,20.5232565938333,52.2015617086909,306.36436082728,24.9913700400545,304.068910531652,11.9214126767873,48.7723720027295,543.694503626711,3.04089530833333,18.362541954,2.39460653183333,1184.92054871317,123.48468311955,37.6160644237826,2.543271238,277.724508938119,213.21941746,64.505091478119,2630.45443039775,331.12304797771,277.724508938119,3239.30198731358
2024-05-01,2024,Q2,2023/24,Q4,May,146.107972645299,22.903017389,28.5749443081667,23.8001520953333,13.7043033258333,34.2965085043112,20.0815284396667,114.056150365752,642.035096502842,20.307316934,30.9675257847733,731.220045944052,85.5319634263333,24.536355798,5.64745447483333,725.154815064697,257.910764047167,43.0270960007826,4.996642779,749.682627682833,686.743500827099,62.9391268557344,2776.0495586992,331.12304797771,749.682627682833,3856.85523435974
2024-06-01,2024,Q2,2023/24,Q4,June,163.759054142268,18.1456759846721,161.797015600167,7.96955013833333,36.9927795388333,63.6125879874596,75.4319375091321,31.7279811808715,459.527967884382,92.2886125276403,24.872803573,862.082298280196,642.952541420333,33.721824489,4.79374409583333,876.666556663667,270.617395631167,49.6109881007826,2.140881113,475.104394442972,310.779454398099,164.324940044873,3096.41991114884,331.12304797771,475.104394442972,3902.64735356952
2024-07-01,2024,Q3,2024/25,Q1,July,47.6889877994129,0.553643025127923,335.044918418176,0.470871505304833,111.956471276502,274.014753784218,36.7971094523662,82.8654899959083,178.327312595177,115.227241012974,1.10354040810257,662.012624679302,24.4564602912709,9.19172078645171,31.1524260038947,389.247783299569,46.8925804327534,160.476219907838,0,925.414030297347,693.444726923,231.969303374347,2170.79476774491,676.894594983166,925.414030297347,3773.10339302542
2024-08-01,2024,Q3,2024/25,Q1,August,57.0551018114129,1.092235667,137.592863689,0.763750689,9.23666350156387,29.0874668917141,1223.53655748574,433.241169385214,319.881987630118,1.647339901,69.6702443822609,845.484783688164,39.605084679,21.288305918,3.42477188319656,461.712884576667,365.632416144,161.488545514451,0,611.707622298968,571.335916377,40.3717059219683,2628.21753014188,676.894594983166,611.707622298968,3916.81974742402
2024-09-01,2024,Q3,2024/25,Q1,September,62.1551806824129,1.187973407,5.552205015,102.972976832,2.67704603456388,41.4478635265512,10.8947741517417,7.01198209344417,138.688700694387,0.538684166,3.713449914,690.852183484658,77.718460326,14.795221483,5.21050885219656,473.155842837667,103.269968248,160.035438466451,0,541.637969310505,408.93328106,132.704688250505,1379.476338595,676.894594983166,541.637969310505,2598.00890288867
2024-10-01,2024,Q4,2024/25,Q2,October,76.1879293010498,8.6430987112008,77.899878642,2.993785575,15.650244633,31.5767404771126,102.169314498643,43.8903665179997,443.035896756475,4.623954582,6.447797763,745.819169664565,2.46602819,19.070347543,2.6303981336667,1058.68461772567,151.792613752,132.15955074926,7.84107248,276.08884273605,250.070963642,26.0178790940505,2752.78797079343,511.231915882202,276.08884273605,3540.10872941168
2024-11-01,2024,Q4,2024/25,Q2,November,114.96171719805,4.093611658,9.086823521,1.003867821,7.973042453,112.40850947035,39.2260261156431,31.1484006367634,389.097338569311,19.173336878,117.675721329132,770.048915129006,23.93012145,17.803534576,5.6126402136667,632.623514407667,140.609289292,130.44734075826,0.383214204,1181.4196215909,1143.723852816,37.6957687749039,2189.00132765178,511.231915882202,1181.4196215909,3881.65286512489
2024-12-01,2024,Q4,2024/25,Q2,December,75.9723050870498,6.934946835,11.633788795,1.667216075,5.059565439,80.9818306656714,11.3197159806431,15.2910522997301,227.913319133491,16.239763209,17.5045034174851,616.564867158759,6.729996238,14.2322859,8.4246178366667,583.693034573667,103.13615862,130.18216092626,6.756189314,318.767938282716,134.025242022,184.742696260716,1525.38594814463,511.231915882202,318.767938282716,2355.38580230955
2025-01-01,2025,Q1,2024/25,Q3,January,63.131639520544,3.182904769,56.959787326,12.718438067,3.523515665,57.7822983718599,589.863873239643,53.4597284150716,159.55932919841,17.377008251,30.580462795,630.103739723067,5.487038582,13.846819316,6.4155155086667,1028.636216494,150.330193355,124.940563070356,0.740045592,1345.06754783017,1109.643763888,235.423783942169,2880.97915101839,570.954219340225,1345.06754783017,4797.00091818879
2025-02-01,2025,Q1,2024/25,Q3,February,62.016442814544,2.88438548934004,6.337742807,3.632091427,8.381094796,29.738150469659,45.4230242856431,6.23073902175422,161.62594724406,4.811064776,8.363169692,862.356956767754,42.511173886,17.428208203,5.2884961376667,486.947649924,107.627970122,123.957900136356,0.404757273,828.749671366489,771.505610229,57.2440611374891,1524.47107055425,570.954219340225,828.749671366489,2924.17496126097
2025-03-01,2025,Q1,2024/25,Q3,March,209.789329685544,7.53579293430635,9.551471626,4.495192218,14.361486983,87.1648891896824,16.3906558076431,592.844084997944,248.714014211913,14.365937184,6.551918501,691.285493848294,11.351141586,15.117152573,1.6463852386667,533.887798551,108.286505565,124.519462439356,2.69009042,468.181521438394,350.236949178,117.944572260394,2234.31746843288,570.954219340225,468.181521438394,3273.4532092115
