Year,Month,Total_Tax_Revene,Total grants,other_revenue,Date,Agriculture,Human capital development,General total expenditure,Total Central Gov't spending,Total Local Gov't spending,Core Inflation,Purchasing Managers Index,Composite Economic Activity Index,Exchange_rate,Fiscal Balance,Fiscal_Balance,revenue_growth_rate,expenditure_growth_rate,revenue_expenditure_ratio,tax_share,grant_share,health_expenditure_share,agriculture_expenditure_share,Agriculture_share,Human capital development_share
1997,7,145.0634283333333,81.0375683333333,0.04286,1997-07-01,,,78.8590683333333,58.4405622751667,16.4191860581667,,,,,-1.60336000000001,66.20436,,,1.8395275445070884,1.0,0.5586354139316322,,,,
1997,8,133.4188683333333,75.2152883333333,0.31358,1997-08-01,,,99.1015283333333,77.9549122751667,13.7114660581667,,,,,-29.6036,34.31734,-8.02721963336106,25.6691594610732,1.3462846696427504,1.0,0.5637530078985205,,,,
1997,9,149.0650683333333,83.0383883333333,0.19668,1997-09-01,,,104.761778333333,79.3724722751667,16.7237260581667,,,,,-28.67136,44.3032900000003,11.727126901503592,5.711566809505841,1.4228955512671355,1.0,0.5570613508702535,,,,
1997,10,151.62440833333332,85.2097283333333,0.10468,1997-10-01,,,98.1840183333333,76.1454022751667,13.6466560581667,,,,,-18.38145,53.44039000000002,1.716928069476964,-6.278778486434677,1.544288071594001,1.0,0.5619789667769518,,,,
1997,11,139.8580383333333,79.5757383333333,0.2223,1997-11-01,,,101.146418333333,80.9661622751667,17.2159760581667,,,,,-24.26381,38.711620000000295,-7.760208352558029,3.0171916471603444,1.3827285299655816,1.0,0.5689750784554476,,,,
1997,12,163.5639883333333,91.0538683333333,0.15012,1997-12-01,,,104.870348333333,81.6964722751667,17.4741960581667,,,,,-15.90953,58.6936400000003,16.950008939421824,3.681722063284143,1.5596781257314136,1.0,0.5566865253234785,,,,
1998,1,149.9228083333333,88.2314583333333,0.19135,1998-01-01,,,89.3257483333333,66.9951522751667,18.8991660581667,,,,,-7.33982,60.59706000000001,-8.339965379298597,-14.822683672786907,1.678382897771787,1.0,0.5885125773335466,,,,
1998,2,175.29510833333302,111.784628333333,0.28048,1998-02-01,,,98.5675583333333,77.3203122751667,16.2879760581667,,,,,10.65357,76.72754999999972,16.92357572677521,10.346188162356839,1.7784259983444495,1.0,0.6376939402140563,,,,
1998,3,197.24019833333298,127.312448333333,0.18775,1998-03-01,,,106.878388333333,83.9960522751667,15.1263360581667,,,,,19.17313,90.36180999999998,12.518940322208083,8.431607864216705,1.8454638155487428,1.0,0.6454690748088625,,,,
1998,4,146.2047183333333,82.1869683333333,0.18775,1998-04-01,,,114.654168333333,86.3096922751667,19.8738160581667,,,,,-38.19719,31.550550000000285,-25.874786393060955,7.275352970096116,1.2751801391840694,1.0,0.5621362242629857,,,,
1998,5,156.36720833333328,89.1494583333333,0.18775,1998-05-01,,,106.278998333333,78.1609322751667,24.5588160581667,,,,,-25.17596,50.088210000000274,6.950863225104986,-7.304723519210343,1.471289820053665,1.0,0.5701288606706489,,,,
1998,6,289.419908333333,203.502158333333,0.18775,1998-06-01,,,150.624408333333,118.029052275167,27.5853960581667,,,,,43.88638,138.7955,85.08989923025727,41.72546852663708,1.9214675200107307,1.0,0.7031380788738066,,,,
1998,7,189.886596701333,111.057175967333,2.873684,1998-07-01,,,85.9651534798244,62.7680373000744,18.21324747175,,,,,18.298275887509,103.9214432215086,-34.39062371527142,-42.927474749256554,2.2088787027629566,1.0,0.5848605320048552,,,,
1998,8,174.797972709333,100.607128117333,0.0649859999999989,1998-08-01,,,119.564207575824,91.2073261880743,22.02861747175,,,,,-20.647351458491,55.23376513350901,-7.946123767615065,39.08450428566401,1.4619590281521453,1.0,0.5755623280862071,,,,
1998,9,173.075088149333,100.371035341333,0.226201,1998-09-01,,,121.071744819824,90.5053801880744,22.47369747175,,,,,-32.183343078491,52.00334332950899,-0.9856433305808099,1.2608599802277576,1.4295250176405658,1.0,0.579927685807276,,,,
1998,10,171.1328029113333,98.4968704723333,0.024045,1998-10-01,,,110.094184006491,82.402146854741,22.47656747175,,,,,-13.766117867491,61.038618904842295,-1.1222211461905163,-9.066988197510106,1.5544218294151082,1.0,0.5755580975516782,,,,
1998,11,170.368185249333,100.538506191333,0.103632,1998-11-01,,,128.620249726491,101.809702854741,23.49815747175,,,,,-36.3165298684911,41.747935522842,-0.4467978371139325,16.827469940562658,1.3245829145225447,1.0,0.5901248877200599,,,,
1998,12,208.858304679333,118.463655006333,0.0791700000000003,1998-12-01,,,130.114385126491,98.440842854741,25.77306747175,,,,,-35.650921634691,78.74391955284202,22.59231638446455,1.161664203869317,1.6051899601745874,1.0,0.5671962873978802,,,,
1999,1,195.606643173333,114.297802348333,0.197726,1999-01-01,,,107.681469099824,82.2979111880744,21.53599747175,,,,,-0.549146751491037,87.925174073509,-6.3448094756613616,-17.240919214934447,1.8165302238958096,1.0,0.5843247473300293,,,,
1999,2,180.10845143133298,105.373959312333,0.046486,1999-02-01,,,118.217438659824,84.1675071880744,26.03019747175,,,,,-22.279905305491,61.89101277150898,-7.923141816950762,9.784385046077727,1.5235353893058297,1.0,0.585058382740619,,,,
1999,3,253.644195363333,171.098145288333,0.364456,1999-03-01,,,127.601073799824,90.1073611880744,28.75910747175,,,,,32.734921836509,126.04312156350902,40.82859152227836,7.9376065378998995,1.987790445723372,1.0,0.6745596722339464,,,,
1999,4,198.360657997333,116.899348415333,3.91698307,1999-04-01,,,116.570444259824,91.4131871880744,20.53144747175,,,,,-16.688147224491,81.79021373750899,-21.79570373641274,-8.64462124927291,1.701637660016176,1.0,0.5893272869507458,,,,
1999,5,172.3974672233333,98.9976492783333,2.239786,1999-05-01,,,123.841463359824,99.5903271880744,20.58171747175,,,,,-37.2495209314911,48.556003863509304,-13.088881150186937,6.237446503844168,1.3920819614544508,1.0,0.5742407407301768,,,,
1999,6,220.016883209333,121.393494271333,4.963173,1999-06-01,,,175.759278659824,144.428189188074,25.22078747175,,,,,-61.5597181884911,44.25760454950901,27.621876790284183,41.922805086008765,1.2518080688938653,1.0,0.5517462682890307,,,,
1999,7,197.584468688,117.854358694,0.308909,1999-07-01,,,103.497545633333,70.9326053333333,27.159553,,,,,10.6765030606667,94.08692305466698,-10.195769612820992,-41.11403595729991,1.9090739541592068,1.0,0.5964758236139525,,,,
1999,8,180.59279,106.183561,2.798898,1999-08-01,,,136.135451333333,97.3757463333333,27.183903,,,,,-41.0991573333333,44.457338666667,-8.59970361072816,31.534956215897413,1.3265669466053442,1.0,0.5879723160597939,,,,
1999,9,188.842813,111.7371662,0.114471,1999-09-01,,,126.487323633333,90.4638123333333,24.129633,,,,,-20.6274434333334,62.355489366667,4.568301425544186,-7.087152982933286,1.492978170266499,1.0,0.5916940360340851,,,,
1999,10,183.498733636,109.285461818,0.465869,1999-10-01,,,115.491363333333,81.1163693333333,27.507063,,,,,-11.0746975153333,68.007370302667,-2.8299087898039366,-8.693329880135325,1.588852433115566,1.0,0.5955652099201172,,,,
1999,11,217.40352625,140.749168025,0.42936,1999-11-01,,,152.014923333333,118.443874333333,28.253263,,,,,-18.0020983083333,65.388602916667,18.476853732002184,31.624494633927846,1.4301459454298784,1.0,0.6474097750518892,,,,
1999,12,270.626515234,169.623331617,0.205312,1999-12-01,,,149.550083833333,111.155974333333,30.473643,,,,,-1.82692421633334,121.07643140066702,24.481198581294873,-1.6214457409521543,1.8096045705704946,1.0,0.626780164058697,,,,
2000,1,185.05588999399998,107.852599997,0.527764,2000-01-01,,,121.514856833333,90.9498503333334,24.054163,,,,1525.8319047619,-24.8120088363333,63.541033160666984,-31.61945353581134,-18.74637999617842,1.5229075260140281,1.0,0.5828109551146785,,,,
2000,2,182.22661609399998,106.511798897,1.517487,2000-02-01,,,137.894155233333,102.684472333333,26.767453,,,,1519.42619047619,-45.7780333363333,44.33246086066697,-1.528875357650994,13.479255810230262,1.3214963011713678,1.0,0.5845018756319156,,,,
2000,3,214.485789,128.641635,0.358299,2000-03-01,,,145.143624499333,108.153098499333,28.355593,,,,1513.45554347826,-22.5221984993333,69.34216450066702,17.7027777815725,5.257270878329123,1.4777486075593054,1.0,0.599767637752448,,,,
2000,4,298.83664196800004,199.982882084,21.275998,2000-04-01,,,139.989774333333,101.945388333333,27.198233,,,,1526.2005,59.6193177506667,158.84686763466703,39.327012461417674,-3.5508622468110373,2.13470336237869,1.0,0.6692046891137752,,,,
2000,5,222.776713134,135.200098567,0.527981,2000-05-01,,,161.159412833333,126.553262833333,27.924753,,,,1577.76119565217,-45.9114717663333,61.61730030066701,-25.452008941441882,15.122274895302311,1.3823375825052804,1.0,0.6068861357411143,,,,
2000,6,245.19103690288003,143.24102634388,3.723192,2000-06-01,,,262.528604075333,227.222756275333,30.051353,,,,1566.38704545455,-638.127246789453,-17.337567172452992,10.061340547473563,62.89995071329373,0.9339593213717848,1.0,0.5842017234937412,,,,
2000,7,220.29371075543,135.35712775543,0.858979,2000-07-01,,,113.6262753135,75.846911245111,33.3445022683889,,,,1596.41452380952,21.3560794419302,106.66743544193,-10.154256232992665,-56.71851617323392,1.9387567721253711,1.0,0.6144393650243762,,,,
2000,8,260.28386775543,168.28672975543,4.690457,2000-08-01,,,161.9196915135,109.517634945108,41.829579568392,,,,1676.30043478261,2.36421124193015,98.36417624192998,18.153108803181883,42.501979464482396,1.6074874236882357,1.0,0.6465507494054796,,,,
2000,9,233.95923793743,152.50645634643,0.804496,2000-09-01,,,170.9082565135,121.840946945108,29.045979568392,,,,1770.50666666667,-21.4240011670698,63.05098142393001,-10.113815368202284,5.551248841930123,1.368917117933092,1.0,0.6518505432438462,,,,
2000,10,228.66688455543,140.03899855543,0.602956,2000-10-01,,,154.4923583135,102.693381149201,43.4903983642992,,,,1826.59404761905,-16.2905017580698,74.17452624192998,-2.262083527308889,-9.605093712194822,1.4801177679702,1.0,0.6124148620281913,,,,
2000,11,227.34290815543,139.36349515543,0.233555,2000-11-01,,,155.3608634135,102.686573404694,46.8560188088058,,,,1850.26159090909,-19.8247772580698,71.98204474193,-0.5789978739484059,0.5621670285060887,1.4633216059719398,1.0,0.6130100836932633,,,,
2000,12,426.84388067543,333.23656031543,0.23335606,2000-12-01,,,192.6939685135,163.601393353699,24.8001631598007,,,,1782.58407894737,129.18661580193,234.14991216193,87.7533300416853,24.029928953623436,2.2151387714324104,1.0,0.7806989285827935,,,,
2001,1,238.17879555543,140.69382755543,0.091913,2001-01-01,,,145.8299765135,102.100466798361,38.8698477151385,,,,1831.29034090909,-15.4709029580698,92.34881904193003,-44.2000210525356,-24.320424952334076,1.6332636214432976,1.0,0.5907067723108337,,,,
2001,2,207.01303765543003,125.82832565543,0.221204,2001-02-01,,,178.6416148075,113.932608292361,51.9707077151385,,,,1740.774375,-61.8443581520698,28.371422847930035,-13.085026241451015,22.499927023551656,1.1588175458361278,1.0,0.6078280241695178,,,,
2001,3,214.53714275543,131.54971975543,0.027541,2001-03-01,,,184.1547265135,126.450471610871,38.9823249026287,,,,1751.39159090909,-63.6063227580698,30.382416241930002,3.6346044602870498,3.086129573974583,1.1649830923003908,1.0,0.6131792288545357,,,,
2001,4,205.96432275542998,120.44979675543,0.169471,2001-04-01,,,153.1924107535,114.4497030484,32.0207164650995,,,,1772.81172619048,-35.4028279980698,52.77191200192996,-3.995960741293625,-16.81320721232219,1.3444812425260713,1.0,0.5848090346135179,,,,
2001,5,230.52221075543,132.72874075543,0.134466,2001-05-01,,,193.757024176833,145.046286587813,37.8391865090206,,,,1782.24989130435,-82.7407404214031,36.765186578596996,11.923369868849075,26.47951894210021,1.1897489225734759,1.0,0.5757741968570964,,,,
2001,6,257.80937992209397,147.904214922094,0.247399,2001-06-01,,,230.653013296833,194.219896315938,27.6002357808955,,,,1763.5475,-107.599868374739,27.156366625260972,11.83711065291404,19.04240079901658,1.1177368820684461,1.0,0.5736960189997291,,,,
2001,7,247.126054352,150.711818801,1.030426,2001-07-01,,,131.458309223333,84.680734895815,35.7731643275183,,,,1726.07340909091,19.0630055776666,115.66774512866701,-4.143885522443869,-43.00602999096479,1.8798815823209807,1.0,0.6098580710001947,,,,
2001,8,248.72616686,154.924215055,1.304585,2001-08-01,,,196.706797423333,126.64570720868,53.9215502146538,,,,1751.61282608696,-48.9836453683333,52.019369436667006,0.6474883889502125,49.63435828856593,1.2644513057915128,1.0,0.6228705930333492,,,,
2001,9,248.445171036,148.301647143,9.450362,2001-09-01,,,168.391733423333,117.349199262376,36.0940431609572,,,,1752.484,-23.5090172803334,80.05343761266701,-0.11297396954546013,-14.394552893392454,1.4754000447956344,1.0,0.5969190164759166,,,,
2001,10,282.034979212,169.198367106,16.390091,2001-10-01,,,192.454886273333,127.922201986037,52.6921051872968,,,,1737.24369565217,-26.3760621673333,89.58009293866701,13.520008473472323,14.289984645211629,1.4654602160188408,1.0,0.5999197956889489,,,,
2001,11,256.91754459400005,156.197464797,2.231417,2001-11-01,,,205.186397613333,111.581876357147,78.7971396561867,,,,1735.56227272727,-72.7899068163333,51.731146980667035,-8.905787036834067,6.615322471947094,1.2521178186389952,1.0,0.6079672956700357,,,,
2001,12,413.27733951,294.654677255,2.4527467,2001-12-01,,,152.550802133333,103.719236529826,39.8792556035075,,,,1714.2894047619,132.399406121667,260.726537376667,60.85991330918687,-25.652575459309958,2.7091128576878005,1.0,0.7129708045554971,,,,
2002,1,238.887971104,138.549181802,1.912587,2002-01-01,,,183.052562006667,128.975474322106,41.7298476845611,,,,1738.47,-49.7540222046667,55.83540909733301,-42.196692567940886,19.99449327488605,1.3050239149086558,1.0,0.5799755473735533,,,,
2002,2,222.86383425200003,131.405233376,1.612624,2002-02-01,,,192.273687006667,120.725353484213,58.0714635224539,,,,1743.4565,-65.6071876306666,30.590147245333043,-6.707803987762883,5.037419252107567,1.1590968983929264,1.0,0.5896211640486068,,,,
2002,3,281.88415556399997,180.151939032,1.511131,2002-03-01,,,203.555163006667,141.687901105285,49.6476519013822,,,,1772.06535714286,-27.2099249746667,78.32899255733298,26.48268235628737,5.867405038947848,1.3848047448188159,1.0,0.6390992025484656,,,,
2002,4,245.177168781333,142.244914682333,0.815734,2002-04-01,,,194.92517809,122.039472858932,63.7124052310679,,,,1792.54221590909,-60.1378204076667,50.25199069133299,-13.022011368188767,-4.239629586985383,1.257801435318586,1.0,0.5801719441878271,,,,
2002,5,248.70071935804302,144.536925700043,1.550291,2002-05-01,,,231.53091409,165.224987415252,55.264146674748,,,,1797.60315217391,-116.410001389957,17.169805268043007,1.4371446551177725,18.77937799451366,1.0741577224602017,1.0,0.5811681046726682,,,,
2002,6,288.02592718333295,157.441433883333,1.13800529999999,2002-06-01,,,342.615814156667,305.47787624,29.6543079166667,,,,1797.170375,-207.115259273333,-54.589886973334046,15.81226139063765,47.97843108911426,0.8406673459959677,1.0,0.5466224357750928,,,,
2002,7,265.024558566667,154.846670566667,1.195006,2002-07-01,,,162.836249716667,109.244943468566,42.5026935481003,,,,1803.35695652174,-8.23293715,102.18830885,-7.985867397980884,-52.47264049457818,1.6275525813681313,1.0,0.5842729119298402,,,,
2002,8,312.25400116666697,210.983196166667,2.851347,2002-08-01,,,203.114075386667,128.683271508566,59.4373398781003,,,,1805.71704545455,8.26253278000002,109.13992577999997,17.82077964979212,24.735171523590658,1.5373331492277478,1.0,0.6756781190260994,,,,
2002,9,245.466485066667,141.596787066667,1.49201,2002-09-01,,,195.287614026667,137.546320348566,46.3248568781003,,,,1813.27821428571,-57.29589896,50.17887103999999,-21.38884236886106,-3.8532343684704373,1.256948559129551,1.0,0.5768477396342327,,,,
2002,10,328.619008666667,212.485781666667,1.913381,2002-10-01,,,236.896623957,164.436212691527,58.8202459321396,,,,1827.47836956522,-28.6098378903333,91.72238470966701,33.87530626733681,21.30652788079597,1.3871831652878088,1.0,0.6466022234343749,,,,
2002,11,259.263533866667,149.406325866667,1.251109,2002-11-01,,,220.57388502,138.887598814527,69.2824952721396,,,,1832.8205952381,-74.1498198533334,38.689648846666984,-21.105131769888086,-6.89023704278825,1.1754044856359986,1.0,0.5762720411868762,,,,
2002,12,382.420076266667,243.876281266667,1.981688,2002-12-01,,,195.9130296,147.465467393746,35.8203106729208,,,,1845.61142857143,41.1205064766667,186.50704666666704,47.5024545732438,-11.180315121059758,1.9519889873964107,1.0,0.6377183008995808,,,,
2003,1,285.21208650333296,168.404598285,3.5123311,2003-01-01,,,178.698417893333,104.530216888526,60.6697814381409,,,,1868.55477272727,-17.4561573783333,106.51366860999997,-25.41916489121495,-8.786864121194215,1.5960526672014472,1.0,0.5904539332453291,,,,
2003,2,261.779449866667,148.297734966667,1.9260309,2003-02-01,,,245.275299168333,165.627528112282,64.794734789385,,,,1885.334375,-105.997293188667,16.504150698334,-8.215863823987046,37.256558877169496,1.0672882705853195,1.0,0.5664987646746145,,,,
2003,3,290.726680599333,173.585588383,1.7695943,2003-03-01,,,212.195029853333,156.357299352924,36.1467043337427,,,,1947.3130952381,-40.1409515783334,78.531650746,11.057869801242926,-13.486995807228396,1.3700918480526159,1.0,0.5970748471559381,,,,
2003,4,252.179495366667,142.396258566667,2.0509038,2003-04-01,,,207.961383576667,135.785872598923,55.7192780777435,,,,1977.40056818182,-67.34557501,44.218111789999995,-13.258908729395246,-1.995167502081585,1.2126265512832508,1.0,0.5646623186378574,,,,
2003,5,308.599879566667,181.915578866667,1.6318977,2003-05-01,,,268.169322846667,194.140445768923,55.8785210777435,,,,1997.70965909091,-90.5305727200001,40.43055672000003,22.3731053621014,28.95149966522692,1.1507650326697407,1.0,0.5894868757632411,,,,
2003,6,416.29872514666704,254.123171456667,3.08959569,2003-06-01,,,289.634062056667,217.728922778923,56.4033960777435,,,,1998.91702380952,-46.9564549,126.66466309000003,34.899185875000896,8.004173998035213,1.4373265429851896,1.0,0.6104346617134999,,,,
2003,7,293.677397609042,171.612971301042,1.961703,2003-07-01,,,161.680905759708,95.8238651947322,46.5072193649763,,,,1995.01760869565,10.6372893413333,131.99649184933398,-29.45512924509296,-44.177523661538444,1.8164012393987246,1.0,0.5843587987983391,,,,
2003,8,303.665564257042,187.876047825042,1.191243,2003-08-01,,,221.264538959709,133.912053871672,67.3662823880365,,,,1998.66547619048,-41.7699051346667,82.40102529733298,3.4010675419075875,36.85260972532829,1.3724095405650958,1.0,0.6186939513036509,,,,
2003,9,303.98403478304203,170.975566388042,2.4215558,2003-09-01,,,236.816339659709,169.078326714099,45.1502109456092,,,,1993.0075,-69.7812262716667,67.16769512333303,0.10487541673658285,7.028600594165657,1.283627790294576,1.0,0.5624491645098068,,,,
2003,10,307.913655199042,180.396722096042,1.805199,2003-10-01,,,253.619102959708,157.282567032712,75.0987296269963,,,,1990.39315217391,-72.5689118636666,54.294552239334024,1.2927061839956844,7.095271941177517,1.2140791115721268,1.0,0.5858678855259916,,,,
2003,11,310.526679977042,183.873286985042,2.303936,2003-11-01,,,255.714886159709,169.584342567256,62.3731770924526,,,,1972.6935,-81.4207001746666,54.81179381733301,0.8486225712565076,0.8263506871302173,1.2143472937398718,1.0,0.592133619560922,,,,
2003,12,607.6996798230421,425.969538108042,1.85265,2003-12-01,,,243.903127159709,181.224965247858,41.6732755118509,,,,1941.52795454545,182.058398948333,363.79655266333305,95.69966737414342,-4.619112785097257,2.491561657695013,1.0,0.7009540275421593,,,,
2004,1,313.98894011704203,179.635568155042,1.822313,2004-01-01,,,234.027669359709,142.83366120543,63.5055779542782,,,,1936.06345238095,-54.7041702046666,79.96127075733304,-48.33156071293744,-4.048926274542386,1.3416744309598267,1.0,0.5721079477770182,,,,
2004,2,281.464680435042,158.642215714042,3.2774789,2004-02-01,,,252.780339959709,180.392040147858,51.8326565118509,,,,1865.58325,-100.267569245667,28.684340475332988,-10.358409334378571,8.013014294979136,1.1134753615724429,1.0,0.5636309872657517,,,,
2004,3,364.383564283042,227.024144388042,1.688266,2004-03-01,,,226.088004159709,152.284634647858,47.4709815118509,,,,1926.57347826087,26.7485170283333,138.29556012333302,29.459782918353227,-10.559498339251604,1.611689066110915,1.0,0.623036181213971,,,,
2004,4,319.75606748104207,182.028784237042,1.96219,2004-04-01,,,262.105755959709,158.487015229867,77.0636701298419,,,,1918.17335227273,-82.3269187226667,57.650311521333094,-12.24739565018763,15.930854860639565,1.2199505741880583,1.0,0.5692739020435765,,,,
2004,5,613.994410887042,471.844567440042,4.549465,2004-05-01,,,273.001673259709,173.656967918842,81.9909394408665,,,,1852.34164285714,182.730610180333,340.99273762733304,92.01962787569151,4.157069065539698,2.2490499913637656,1.0,0.7684834895457189,,,,
2004,6,464.876163663042,276.806754328042,2.340596,2004-06-01,,,393.397656643207,314.459534887817,62.92730485539,,,,1818.59306818182,-130.728058650165,71.47850701983504,-24.28658055837476,44.100822513627676,1.1816953045164238,1.0,0.5954419175784649,,,,
2004,7,359.17411470150006,213.5048237135,1.559172755,2004-07-01,,,191.9585576088,120.365132080219,52.7854788565833,,,,1747.65981818182,22.0212003497004,167.21555709270007,-22.737678810772145,-51.204956519886615,1.8711023836378022,1.0,0.5944326580743106,,,,
2004,8,360.097346560069,225.224202026069,1.945572534,2004-08-01,,,237.334721992494,158.551833471219,57.2454984035833,,,,1728.90204545455,-12.0137595004251,122.76262456757502,0.2570429829934273,23.6385212250698,1.5172552230745973,1.0,0.6254536562892963,,,,
2004,9,343.26211864586304,198.427013033863,2.023414618,2004-09-01,,,217.557085911792,152.266740441219,43.0764306655833,,,,1722.87022727273,-21.8800066009289,125.70503273407104,-4.675187994310203,-8.333224871044154,1.5778025211508755,1.0,0.5780626589867796,,,,
2004,10,324.15578248624996,183.47922920825,1.300732839,2004-10-01,,,256.790309322781,152.10532294222,84.18911037425,,,,1734.28404761905,-76.1771339535306,67.36547316346895,-5.566106809276183,18.033530485371575,1.262336508496478,1.0,0.5660217683021984,,,,
2004,11,355.30901340501504,204.686410317015,1.757506447,2004-11-01,,,304.501470154701,206.700830234219,82.3301276595834,,,,1731.67772727273,-111.421759176686,50.80754325031404,9.61057386662123,18.579813606574945,1.1668548372672927,1.0,0.5760799827605103,,,,
2004,12,667.277579044722,456.144321081722,2.181243971,2004-12-01,,,247.660571898435,178.918496486219,49.1185267565833,,,,1737.91,207.279542519286,419.61700714628694,87.80204100369822,-18.666871535099048,2.694323016093054,1.0,0.6835900611777495,,,,
2005,1,331.891941709055,184.641920589055,4.809424146,2005-01-01,,,285.274424511821,174.368308040219,95.6880172465833,,,,1730.46142857143,-112.287435940767,46.61751719723401,-50.261787278362746,15.187662826205273,1.1634128866511912,1.0,0.5563314361844821,,,,
2005,2,321.55959606344203,181.132444922442,2.750114141,2005-02-01,,,288.293276201924,186.78849851022,81.6694952855833,,,,1710.5775,-117.307205769482,33.266319861518014,-3.113165565999365,1.0582272474194188,1.1153905505524795,1.0,0.5632935453952539,,,,
2005,3,420.533930547455,257.829991832455,1.80835304,2005-03-01,,,248.203282579018,172.685175484219,51.7688567145833,,,,1714.05880434783,7.42682570843692,172.33064796843698,30.779468470437376,-13.905975939177473,1.69431252551454,1.0,0.6131015195297309,,,,
2005,4,662.159291477539,500.302809937539,1.582427291,2005-04-01,,,225.153678497136,119.314364562886,83.2462671245833,,,,1779.25619047619,273.755107162403,437.005612980403,57.45680511808735,-9.286583095267453,2.940921489257222,1.0,0.7555626212254241,,,,
2005,5,382.615314991604,222.972187238604,3.463818351,2005-05-01,,,374.977802245122,298.475964693886,58.7908773135833,,,,1774.735,-151.994665562518,7.6375127464820025,-42.21702845280052,66.54304950646932,1.0203679063153968,1.0,0.5827581346122981,,,,
2005,6,480.880714364663,264.672389603663,3.042298901,2005-06-01,,,338.211377955172,264.119461860837,53.5019767479655,,,,1738.06704545455,-90.350603644509,142.669336409491,25.68255778658919,-9.804960205595293,1.4218348219745611,1.0,0.5503909424884023,,,,
2005,7,370.635099602193,209.130348935193,2.110759667,2005-07-01,,,200.710517653172,112.785584876505,71.2841526525,,,,1755.55702380952,10.4467312820215,169.92458194902102,-22.925771707881005,-40.65530294496035,1.8466152343976856,1.0,0.5642486347344196,,,,
2005,8,374.195684805743,214.443904532743,2.459568307,2005-08-01,,,296.459134062636,203.436490377505,69.2431937884999,,,,1816.1247826087,-78.4892731298924,77.73655074310699,0.9606713469316741,47.70483257629663,1.2622167503419974,1.0,0.5730795763827895,,,,
2005,9,448.168814362628,257.421836622628,3.95234574,2005-09-01,,,246.283985013338,161.136183628505,61.9542230675,,,,1849.30295454545,-0.199400435709549,201.88482934929,19.7685683081265,-16.92481130930409,1.819723740211352,1.0,0.5743858750830878,,,,
2005,10,402.731351008524,232.013644473524,2.993641869,2005-10-01,,,289.170893162966,174.586350188505,92.5902630125,,,,1854.85214285714,-71.152317444442,113.56045784555795,-10.138470571345703,17.413600054955026,1.392710540827356,1.0,0.5761002809751787,,,,
2005,11,389.522152590453,222.882961597453,1.647079986,2005-11-01,,,322.768048804416,230.995941241505,73.6814969805,,,,1834.80340909091,-124.935307908963,66.75410378603698,-3.2799031873213647,11.618443085319763,1.2068175708013997,1.0,0.5721958561668612,,,,
2005,12,644.9323815217169,403.485831489717,1.32548272,2005-12-01,,,262.921359806267,186.060327440505,57.8063073085,,,,1816.13452380952,140.47428427745,382.01102171544994,65.57014209145751,-18.541701763799313,2.452947839600913,1.0,0.6256250159709655,,,,
2006,1,513.733087964238,343.089148014238,2.203522182,2006-01-01,,,299.9286808891,218.888104121505,62.4868453635,,,59.9058653361026,1818.66238636364,37.8534996121381,213.80440707513804,-20.343108412065515,14.075433471857046,1.712850823206845,1.0,0.6678354111349766,,,,
2006,2,413.45593132361097,251.264592525611,4.90259900399998,2006-02-01,,,326.678137123465,200.293557192505,104.7164094035,,,59.9058653361026,1816.402875,-81.9139238398539,86.77779420014599,-19.519310511610954,8.91860563486948,1.2656369812937593,1.0,0.6077179536915309,,,,
2006,3,499.4871930551,292.1717083701,16.66799735,2006-03-01,,,265.518095258318,182.029315693505,58.9749367355,,,59.9058653361026,1821.08999999997,28.7514977067815,233.96909779678202,20.807843161440243,-18.7218044046921,1.8811794825853865,1.0,0.5849433427572779,,,,
2006,4,389.374287798608,202.304532778608,11.801370469,2006-04-01,,,285.675966694912,176.155336980505,88.1050808728333,,,60.6295740524743,1827.70875,-86.6969109233047,103.698321103696,-22.045190905294167,7.5919011911345535,1.3629928072123783,1.0,0.5195631532897823,,,,
2006,5,463.25877973233503,254.364400286335,23.353227749,2006-05-01,,,338.540099362657,236.530385420505,83.3369530658333,,,61.178952893165,1835.95413043478,-81.0823852193218,124.71868036967805,18.975185123662186,18.50492825117531,1.368401499865086,1.0,0.5490762645303852,,,,
2006,6,615.541085229932,328.702307414932,9.33408051899999,2006-06-01,,,353.145082168754,279.375772203642,53.2396981505,,,60.9549298840634,1859.80102272727,-30.5225005108216,262.396003061178,32.871973972211336,4.3141072013604065,1.743026071465408,1.0,0.534005471449801,,,,
2006,7,628.903810315059,450.486179730059,1.969295018,2006-07-01,,,189.855090878412,97.9441848340991,74.7844733929167,,,62.4062975955768,1857.71642857143,259.680399969647,439.048719436647,2.1708908480309486,-46.23878386965961,3.312546465861297,1.0,0.7163037850007318,,,,
2006,8,460.047727874787,255.456350793787,10.555807056,2006-08-01,,,341.170420981089,249.733360426979,73.2751273183333,,,62.645720747691,1847.73967391304,-89.972956207302,118.87730689369795,-26.849270058593056,79.70043331605112,1.3484396641181484,1.0,0.555282279023266,,,,
2006,9,458.299942160148,253.345959441148,8.76425094599998,2006-09-01,,,262.651805535533,174.562612882779,67.3814149073333,,,63.0490228727331,1854.67666666667,-7.40463516538529,195.648136624615,-0.379913997774306,-23.01448502474611,1.7448954566510553,1.0,0.5527950936389578,,,,
2006,10,446.349689328751,248.657628154751,4.277389538,2006-10-01,,,367.497266903125,254.319556703419,91.5929530073333,,,63.7815534566764,1843.21321428571,-148.367270831374,78.852422425626,-2.6075178572073865,39.91804326409167,1.2145660104906633,1.0,0.55709152285666,,,,
2006,11,490.997871297605,269.425657442605,17.946493293,2006-11-01,,,392.470488514625,283.040455218099,89.7545905283333,,,63.8726410070271,1818.85136363636,-142.81957767602,98.52738278298,10.002960243122105,6.795484990119149,1.2510440546902637,1.0,0.5487308055543482,,,,
2006,12,862.5913413933471,576.938681658347,9.98363628100001,2006-12-01,,,252.282652142414,174.605778422089,58.4597072683333,,,64.1028818584461,1773.414625,314.808810029932,610.3086892509331,75.68127925151651,-35.719331892386876,3.419146477445515,1.0,0.6688435809318649,,,,
2007,1,457.239007986725,246.403055455725,2.753935031,2007-01-01,,,314.245402391055,216.868937603679,79.0398609153333,,,64.2358079121927,1791.54409090909,-93.9739222953298,142.99360559567003,-46.99239535048601,24.560844640900203,1.4550380196739525,1.0,0.538893338389184,,,,
2007,2,428.978359179128,238.987401945128,3.44677614,2007-02-01,,,303.044213086941,198.862357476079,85.3207580403333,,,65.5265227223099,1751.68275,-71.829469866813,125.934146092187,-6.180716936648045,-3.5644719760052235,1.415563606410321,1.0,0.5571082942329366,,,,
2007,3,530.407087523442,292.921773318442,12.211920544,2007-03-01,,,265.615315525769,177.488581784839,67.1786011083333,,,66.4275532599217,1751.34306818182,82.3599989959729,264.791771997673,23.644252949823176,-12.350969246336984,1.9968994877932176,1.0,0.5522584071908654,,,,
2007,4,467.83066656931896,253.857481115319,1.750344197,2007-04-01,,,421.634329573677,295.048027641949,105.225798403333,,,66.6251399059443,1729.38678571429,-235.800355715359,46.19633699564196,-11.797810102105277,58.73871156076902,1.1095649328230746,1.0,0.5426268503877667,,,,
2007,5,561.557899023442,316.109069171442,17.134217412,2007-05-01,,,365.059278275108,236.987081889769,109.438256770333,,,67.3990660752655,1696.4777173913,-191.171607664666,196.49862074833402,20.034435352740054,-13.418037225710055,1.5382649680259681,1.0,0.5629144736832313,,,,
2007,6,738.5114419158419,407.163672762842,5.34606932,2007-06-01,,,480.688987261918,407.696355638572,53.6243379293658,,,67.9688531833405,1643.57333333333,-72.9834165260759,257.82245465392396,31.511184011501726,31.674228233057434,1.5363602276859352,1.0,0.5513302159633173,,,,
2007,7,485.378412997991,264.753767110991,1.889167716,2007-07-01,,,187.25066402366,67.610064156956,99.8117859520834,,,67.7701243059653,1652.86977272727,67.7444421963307,298.127748974331,-34.27611470191644,-61.04536010066093,2.5921318652128313,1.0,0.5454584712074676,,,,
2007,8,487.640686338261,260.076296151261,2.929229964,2007-08-01,,,303.554748862608,208.397829461455,70.3474642140833,,,68.4764302485398,1737.43043478261,-50.1472015513463,184.085937475653,0.4660844569285283,62.111440536334996,1.6064340556865153,1.0,0.5333359242523382,,,,
2007,9,503.15910046649594,264.550973611496,12.764206855,2007-09-01,,,448.071298702081,353.173102819419,70.1021536600833,,,69.3784972945467,1762.83025,-184.491472126586,55.08780176441496,3.182346051713636,47.60806753343947,1.1229442767791347,1.0,0.525779963765381,,,,
2007,10,547.390600736767,297.916897035767,3.80875029,2007-10-01,,,411.164654455717,286.770648149741,98.5058298400833,,,69.6309568609197,1748.13760869565,-166.48661094295,136.22594628105003,8.790758276907361,-8.23677935928293,1.331317258924847,1.0,0.5442492009084229,,,,
2007,11,516.142439055319,269.832273806319,5.332705551,2007-11-01,,,323.599726489994,208.448993541211,90.5750558700833,,,69.8414689964844,1708.82647727273,-74.0652339046751,192.54271256532496,-5.708567454280223,-21.296803364977446,1.5950027048965338,1.0,0.5227864507715844,,,,
2007,12,899.6505256843969,541.153256327397,15.447202665,2007-12-01,,,241.503679352386,157.61256942881,59.6744782260833,,,70.5934309190224,1710.37,418.586020304011,658.1468463320109,74.30276172038906,-25.369628098293983,3.7252042208917535,1.0,0.6015149670653747,,,,
2008,1,588.131833105481,340.989004709481,2.454593836,2008-01-01,,,375.827378770988,254.90944407583,94.9953943793333,,,70.9877817099539,1710.58568181818,-64.8768025675073,212.30445433449296,-34.62663375224867,55.619732079777485,1.5648988507137518,1.0,0.5797832824470239,,,,
2008,2,557.950651431211,301.342695537211,3.782514894,2008-02-01,,,316.769084320662,211.616234967511,79.9189814553333,,,71.1511614457252,1707.82976190476,-43.5298750184505,241.181567110549,-5.1317034677252344,-15.714207582070127,1.7613797527867443,1.0,0.54008843750649,,,,
2008,3,630.615445382837,365.108341398837,11.760225458,2008-03-01,,,367.718258080835,261.604472277399,78.2209162343333,,,71.3855240849276,1684.79583333333,-11.5458677679975,262.897187302002,13.023516285039193,16.08401080851618,1.7149418923990705,1.0,0.5789714541120783,,,,
2008,4,571.680567258056,302.597255773056,5.622445566,2008-04-01,,,453.009959394176,273.293011389265,151.391155230333,,,71.8317721019609,1686.68340909091,-164.24780708512,118.67060786388004,-9.345612854281192,23.194850796500678,1.2619602624688029,1.0,0.5293117749732149,,,,
2008,5,520.991692359028,267.559294797128,-20.4120787821,2008-05-01,,,381.527424006003,280.052406705911,71.9330525963333,,,72.5825939066502,1649.15829545454,-146.430021052876,139.46426835302498,-8.866642982486962,-15.779462218395546,1.365541923274251,1.0,0.5135576991364892,,,,
2008,6,923.512345882452,509.535849397352,40.3484695801,2008-06-01,,,507.997549327319,421.199235032144,58.4246132213333,,,72.239490674282,1601.33071428571,-34.3228456549674,415.514796555133,77.26047448104745,33.14837082833817,1.8179464588074294,1.0,0.5517369114437455,,,,
2008,7,530.512529479326,274.607267848326,3.31059346,2008-07-01,50.8032100803479,0.491788357,329.228008850343,206.51514363733,92.828291517,,,71.9696717075895,1633.9402173913,-71.467022385017,201.284520628983,-42.554906618773934,-35.191024191691355,1.611383342905314,1.0,0.5176263567570036,0.0014937622066765043,0.15431010945196189,0.15431010945196189,0.0014937622066765043
2008,8,539.0580712420741,289.004210190074,3.971220878,2008-08-01,29.2819869354008,1.687887104,391.025610044562,262.426246115413,100.906099046,,,73.3135233905503,1623.61904761905,-138.518386101488,148.03246119751213,1.610808659153662,18.77045680591238,1.378574848794794,1.0,0.5361281568869993,0.004316564083379719,0.07488508727616018,0.07488508727616018,0.004316564083379719
2008,9,596.591670372236,320.035968805236,14.606433674,2008-09-01,24.43762126,2.011276562,302.558844276293,208.065025847942,64.813354936,,,72.9553324571447,1645.925,12.3228196579433,294.032826095943,10.672987234491348,-22.624289431627552,1.9718202976325354,1.0,0.536440558423408,0.006647555013012038,0.08076981295474499,0.08076981295474499,0.006647555013012038
2008,10,622.826817949857,330.007333807857,3.184550714,2008-10-01,66.528643142,1.293837887,437.001602114242,255.247431515102,146.390053133,,,73.4895655348105,1834.26326086957,-148.265097405385,185.82521583561493,4.397504839658906,44.435243054794846,1.425227767899661,1.0,0.5298540851117067,0.0029607165757295365,0.15223889985787267,0.15223889985787267,0.0029607165757295365
2008,11,636.032268639622,349.501825751622,7.359001016,2008-11-01,32.3701137987817,1.81818773824236,399.435842859598,275.340743747205,96.952321906,,,74.4844827741322,1910.13,-68.9077022079759,236.596425780024,2.120244393655546,-8.596252067017252,1.592326477479358,1.0,0.5495032924967065,0.004551889297729985,0.08103958214425895,0.08103958214425895,0.004551889297729985
2008,12,1046.4585955366272,609.294045971627,46.715043058,2008-12-01,37.8635509489219,1.21469630036626,359.777744954083,270.239152154145,60.957722299,,,75.1183059492142,1956.73931818182,229.861906413543,686.6808505825442,64.5291673290171,-9.928527600727822,2.9086251448659852,1.0,0.5822438160194758,0.0033762407969989555,0.1052415039005658,0.1052415039005658,0.0033762407969989555
2009,1,609.8492130635931,314.183832139593,3.026640616,2009-01-01,34.9803737256892,2.258124054,373.096817086839,236.012826895508,108.132296725,,,75.7040919083918,1976.31845238095,-84.9537260372463,236.7523959767541,-41.722566409723974,3.702027798983476,1.6345602136875093,1.0,0.5151828114383923,0.006052380911827552,0.09375682697809627,0.09375682697809627,0.006052380911827552
2009,2,680.937503640506,363.806647351506,7.029409374,2009-02-01,59.187547331,1.88839227619259,378.618358154883,246.278607280386,104.195757252,,,75.9494407647293,1964.83275,-11.9081435523768,302.3191454856229,11.65669956673372,1.4799217830794076,1.7984798913579143,1.0,0.5342731827906104,0.004987587726583763,0.1563250858184428,0.1563250858184428,0.004987587726583763
2009,3,832.783506011663,503.609905864663,6.027517064,2009-03-01,34.9796362659968,1.27270992109781,601.470862734582,489.650759843288,80.279143953,,,76.8414221475742,2051.54522727273,-115.283566577919,231.31264327708095,22.29955048140844,58.859402820751704,1.38457830230615,1.0,0.604730884112407,0.0021159959691338086,0.058156825929958085,0.058156825929958085,0.0021159959691338086
2009,4,615.6683656984859,316.011374615486,6.616338145,2009-04-01,38.617203299,0.917079475,360.343555378516,187.83402517906,137.27492767,,,76.6757001441592,2174.19926136364,-60.13552836903,255.3248103199699,-26.071018307384254,-40.08960737678677,1.70855939147231,1.0,0.51328181245266,0.0025450142268721066,0.10716773679616748,0.10716773679616748,0.0025450142268721066
2009,5,678.4927512678679,364.243902813868,8.493082022,2009-05-01,70.577064542,3.765134889,420.761632280708,281.005776307042,111.90506093,,,77.7023913570657,2246.59702380952,-73.1316133208397,257.7311189871599,10.204257530449311,16.76679824028684,1.612534744649,1.0,0.536842732856353,0.008948379795447029,0.16773645486505537,0.16773645486505537,0.008948379795447029
2009,6,1068.819646189616,637.113657241616,13.952809227,2009-06-01,117.816841479535,3.49514616959349,595.645678084628,510.063768907771,57.7823541503284,,,77.289219564835,2140.02511363636,26.7629437229871,473.1739681049879,57.52852837297999,41.56368651199818,1.7943883176094504,1.0,0.5960908928956828,0.00586782763342221,0.1977968544292801,0.1977968544292801,0.00586782763342221
2009,7,736.072489557493,404.472117527493,4.53892638900001,2009-07-01,61.1839107462213,2.451443385,516.407406849773,275.653991897074,209.47765291,,,77.7748994971923,2110.76630434783,44.8208599552128,219.66508270772,-31.132208115595517,-13.30292053652692,1.425371673206117,1.0,0.5495003865321074,0.0047471112003495035,0.11847992483194608,0.11847992483194608,0.0047471112003495035
2009,8,687.450193141712,358.738413638712,3.869447821,2009-08-01,28.5912125434874,1.6606624752792,391.978405435641,302.707152217885,57.91939848,,,77.7085051398375,2071.66880952381,-32.792468521502,295.47178770607104,-6.605639676197028,-24.095123300648048,1.7537960857248924,1.0,0.5218391342640312,0.004236617253018202,0.07294078486724646,0.07294078486724646,0.004236617253018202
2009,9,760.4978514314901,425.51848358649,10.688568154,2009-09-01,28.737323959,0.764510655,402.447257048347,309.029237201246,58.240817886,,,78.711092061424,1961.90363636364,18.7586248521432,358.05059438314305,10.625883739437668,2.670772539387989,1.8896832767830978,1.0,0.559526214026159,0.0018996542816743745,0.07140643514324589,0.07140643514324589,0.0018996542816743745
2009,10,643.55099981876,334.35831000776,3.454197588,2009-10-01,56.9255444816613,2.686256069,573.99383857611,333.543718362933,202.031700448,,,78.6766257098192,1898.84397727273,-244.795867923607,69.55716124265007,-15.377670218607486,42.625854325838944,1.1211810241991422,1.0,0.5195521568639061,0.004679938857294563,0.0991744869995031,0.0991744869995031,0.004679938857294563
2009,11,649.993681491317,341.667623360317,3.762343924,2009-11-01,40.8568444868533,1.70183294370405,493.872316428213,381.93308714564,83.098855537,,,78.4268921314281,1873.69964285714,-158.900226183896,156.121365063104,1.0011143909917752,-13.958603170140659,1.3161168582847609,1.0,0.5256476071835188,0.003445896615570718,0.08272754541566223,0.08272754541566223,0.003445896615570718
2009,12,1121.189438260023,625.451155892023,9.136509727,2009-12-01,29.8199811914584,1.181812851,424.475615875221,332.320383525999,58.92528696,,,79.167343896032,1896.63704545455,199.068246460594,696.713822384802,72.49235956995999,-14.051546977745854,2.6413518146342905,1.0,0.557846100354515,0.0027841713559051792,0.07025134089262806,0.07025134089262806,0.0027841713559051792
2010,1,736.413045861713,379.924697070713,7.225332277,2010-01-01,75.0036764395722,1.27168528,467.715516969043,278.84794854732,163.138948878,,,79.3617040698327,1936.79375,-113.07472301633,268.69752889267005,-34.318588747629086,10.186663138391626,1.5744892336134628,1.0,0.5159125021015135,0.002718928993934084,0.16036174494620525,0.16036174494620525,0.002718928993934084
2010,2,742.876045645862,427.704820412862,4.555939156,2010-02-01,38.724843498462,3.857587948,403.865403306304,296.787104469219,78.42774641,,,80.3441908186242,1996.53675,19.3601405745574,339.01064233955793,0.8776324401730706,-13.651485004497953,1.8394149128996864,1.0,0.5757418386549431,0.00955166725453402,0.09588551824799878,0.09588551824799878,0.00955166725453402
2010,3,734.668611330783,386.303782089783,10.361589501,2010-03-01,140.47275041323,1.281461597,593.850600918716,468.438967960957,91.309163821,,,79.8802246259154,2086.51704545455,-209.275376054981,140.818010412067,-1.1048188137421033,47.04171143580758,1.2371269982622137,1.0,0.5258204531020184,0.0021578854934515787,0.2365456062449238,0.2365456062449238,0.0021578854934515787
2010,4,839.930712930866,485.035358386866,3.699177178,2010-04-01,197.176579620567,3.521218181,661.713607744859,451.977189904224,172.739068749,,,81.1350461379602,2083.01275,-175.423968840993,178.21710518600696,14.327834342808043,11.427622826541818,1.2693266438835624,1.0,0.5774706781400776,0.005321362806789517,0.2979787287321339,0.2979787287321339,0.005321362806789517
2010,5,796.0769696604541,443.441103189454,5.990263589,2010-05-01,183.623364288,3.74293601355125,802.473547408811,713.186232541605,61.135536131,,,81.0075125591758,2174.56952380952,-356.716200938356,-6.39657774835689,-5.221114384231528,21.272033401831703,0.9920289238579746,1.0,0.5570329504427094,0.004664248467301134,0.22882170369468288,0.22882170369468288,0.004664248467301134
2010,6,1054.076930373441,570.586696076441,46.626813361,2010-06-01,154.391043081,2.978628634,1052.68916541786,956.32401763185,63.16609227,,,82.6408872009308,2258.5595,-638.990329282419,1.3877649555809057,32.4089215673492,31.18054405867905,1.001318304587119,1.0,0.5413140916330387,0.0028295424061077394,0.14666346738708494,0.14666346738708494,0.0028295424061077394
2010,7,911.053929122969,472.899302049525,8.942639293,2010-07-01,56.9319535719449,2.710165995,478.175080018375,265.767888613046,186.501974285,,,82.1380080618571,2257.28795454545,-6.23411856685061,432.87884910459394,-13.56855435587624,-54.57585242377168,1.905272706992509,1.0,0.5190683964282599,0.005667727383233471,0.11906089620930718,0.11906089620930718,0.005667727383233471
2010,8,1389.177801095361,746.321238177361,5.404926771,2010-08-01,52.547430197,2.003024462,428.689231978216,329.236738962194,71.632451478,,,82.7539227307427,2229.2755,314.746418699145,960.4885691171451,52.48030404003203,-10.348897319838867,3.2405241313967794,1.0,0.5372395366445459,0.004672439409678908,0.12257697716015925,0.12257697716015925,0.004672439409678908
2010,9,920.637817921371,526.811831458371,6.908204969,2010-09-01,228.0958649437,0.686618969905674,672.162315464929,559.355748155188,80.167787875,,,83.0856563842827,2251.30476190476,-145.350484006558,248.4755024564421,-33.727862826813684,56.79477470502108,1.3696659225600496,1.0,0.5722248436934886,0.001021507683647432,0.3393464044260322,0.3393464044260322,0.001021507683647432
2010,10,894.303130632035,520.864205889035,15.964639875,2010-10-01,253.618653246231,2.676484052,995.492210220252,724.699013444465,233.268189891,,,83.8166640425148,2264.82023809524,-541.934328264217,-101.18907958821694,-2.8604828931310666,48.10294884378909,0.898352715823031,1.0,0.5824246701685168,0.002688603712336262,0.2547670897295299,0.2547670897295299,0.002688603712336262
2010,11,837.8220785722381,452.270075070238,5.128766419,2010-11-01,139.078711498458,3.78141807848837,1030.02671609686,904.752509957277,93.632188971,,,85.9518845738443,2289.13571428571,-571.862821692617,-192.20463752462183,-6.315649596337636,3.4690885093884516,0.8133983958659305,1.0,0.5398163722791446,0.0036711844648239004,0.1350243729846902,0.1350243729846902,0.0036711844648239004
2010,12,1242.436561199731,691.141234754731,6.140388421,2010-12-01,70.4267615403833,1.259088672,520.032536996559,403.571866456579,81.698398057,,,85.6594698014557,2303.9302173913,123.540584479172,722.404024203172,48.293604689555394,-49.5127137122085,2.3891515872745326,1.0,0.5562788928936107,0.002421172873666425,0.13542760602467707,0.13542760602467707,0.002421172873666425
2011,1,918.766651102795,465.485080427795,5.458805573,2011-01-01,131.37260846,0.592100171,704.784085873783,435.217395326122,235.688324162,,,86.3933237898167,2333.1355,-282.476925810988,213.98256522901193,-26.051222267991804,35.52692105464288,1.303614354407164,1.0,0.5066412454882571,0.0008401156933983847,0.18640121292909984,0.18640121292909984,0.0008401156933983847
2011,2,784.998024234008,408.645061317008,4.600878471,2011-02-01,193.691296401826,3.640419724,886.284540770354,746.662885793076,101.911080529,,,88.0278728195501,2341.92833333333,-481.685025217347,-101.28651653634608,-14.559586670698666,25.75263240678156,0.8857178345361769,1.0,0.5205682673096651,0.0041075067391289095,0.21854301580559052,0.21854301580559052,0.0041075067391289095
2011,3,870.650209007818,447.573319515818,10.729863574,2011-03-01,205.000348490897,1.072344481,736.641115288141,613.965992199242,77.330712918,,,87.5451382800548,2393.31352380952,-290.261063344323,134.00909371967703,10.911133802838346,-16.884354696308222,1.1819191067922656,1.0,0.5140678941843555,0.0014557217330728911,0.2782906685987926,0.2782906685987926,0.0014557217330728911
2011,4,2730.95509368809,1388.86695063909,4.639498954,2011-04-01,230.235148436986,3.015241554,835.844932410234,627.75851425517,169.59702936,,,90.3196078037121,2367.59026315789,549.600594790854,1895.1101612778562,213.66845897852045,13.467048616107856,3.267298739029422,1.0,0.5085645508595522,0.0036074174013417536,0.27545198817331135,0.27545198817331135,0.0036074174013417536
2011,5,947.350894398751,515.961029944751,6.18026308,2011-05-01,154.867921891015,1.276570839,821.421895760459,700.988131344638,84.16309839,,,87.2764177822862,2387.68404761905,-306.426895173708,125.928998638292,-65.31063815042904,-1.725563688970977,1.15330611381099,1.0,0.5446356075614543,0.0015540988687891882,0.18853639364901612,0.18853639364901612,0.0015540988687891882
2011,6,1246.2922028527628,655.633899923763,14.96294636,2011-06-01,92.0454435977145,2.542559619,699.412440060279,573.424573929567,84.429500037,,,87.9593297270604,2461.03925,-41.6766919695161,546.8797627924838,31.555499680373323,-14.853445754233963,1.7819131194540248,1.0,0.5260675613816864,0.0036352793764732995,0.1316039554426306,0.1316039554426306,0.0036352793764732995
2011,7,904.479803398367,496.871205134367,5.462705402,2011-07-01,49.4635058252627,3.405520371,713.22862320873,420.692429974714,259.346594524,,,89.1893515588004,2587.22857142857,-277.557256827363,191.251180189637,-27.426345015397445,1.9753985427054088,1.2681484925958537,1.0,0.5493447208743546,0.004774794869671624,0.06935154341217031,0.06935154341217031,0.004774794869671624
2011,8,1026.430264838584,534.967535659584,6.142047045,2011-08-01,173.673688623379,2.85804696,862.913090934719,727.386285165926,95.79737875,,,88.3064137798797,2753.23295454545,-395.028877136136,163.517173903865,13.482939141594663,20.986884549385643,1.1894943715904704,1.0,0.5211922855214258,0.003312091321855049,0.2012644036205933,0.2012644036205933,0.003312091321855049
2011,9,1099.463214215558,628.594762385558,4.493461597,2011-09-01,95.7033100047586,0.711644506,530.589032421628,407.52904138988,74.943755082,,,88.5475300605048,2814.01876833079,-10.0093647020698,568.8741817939301,7.11523733065873,-38.511880513147986,2.072155938085579,1.0,0.5717287802430444,0.0013412348588360903,0.18037182104568797,0.18037182104568797,0.0013412348588360903
2011,10,985.9643888250481,521.729347365048,13.920830699,2011-10-01,101.421738309499,4.250085297,709.713773284772,410.973155403825,247.042687529,,,88.5477402133269,2805.36597490669,-191.802535724723,276.25061554027616,-10.323112581032445,33.75960110702101,1.3892422916659826,1.0,0.5291563805735229,0.005988449790581502,0.14290512897909285,0.14290512897909285,0.005988449790581502
2011,11,1130.068351193433,662.049889057433,5.635036544,2011-11-01,57.1714467237133,1.329212722,759.094770059243,641.767387198189,74.30266959,,,89.8302090329288,2582.17727272727,-105.561415402809,370.97358113419,14.615534191869784,6.957874939628228,1.4887052259696607,1.0,0.5858494208410145,0.0017510497693143934,0.07531529524205706,0.07531529524205706,0.0017510497693143934
2011,12,1571.182076104584,901.930732459584,8.287091317,2011-12-01,99.0126952965517,1.94816026711635,571.162247111734,447.781547005482,74.176779021,,,89.5564070338828,2446.915,327.272204383849,1000.01982899285,39.03425172869439,-24.757451949358313,2.7508507154486708,1.0,0.574045965885591,0.0034108701633692533,0.17335301098285347,0.17335301098285347,0.0034108701633692533
2012,1,1066.0614647108828,547.148141959883,8.65371883,2012-01-01,130.357997178323,3.372699595,1223.46580447174,924.391548753266,256.089955366,,,90.8071498588765,2414.1930952381,-673.754085744853,-157.40433976085728,-32.14908183308975,114.2063504124422,0.871345533985872,1.0,0.5132425850401321,0.002756676633439904,0.10654813293666847,0.10654813293666847,0.002756676633439904
2012,2,1663.3080082634078,856.399424378408,12.972624436,2012-02-01,101.892279601832,1.3891416,732.441195046735,604.047332923977,76.7702637916,,,91.531288572136,2327.96928571429,123.962884730673,930.8668132166729,56.02364997917817,-40.1339054700443,2.2709099645293396,1.0,0.5148772326735441,0.001896591302338426,0.139113256177966,0.139113256177966,0.001896591302338426
2012,3,1202.8245169980291,633.739447630029,8.775209971,2012-03-01,72.0319853186982,0.813797732,507.481797261747,368.770111831241,77.641420575,,,92.0468615043642,2485.01976190476,133.235426163282,695.3427197362821,-27.684799747110624,-30.71364627035129,2.370182582879206,1.0,0.5268760643586611,0.0016035998461246535,0.1419400374700451,0.1419400374700451,0.0016035998461246535
2012,4,1022.236153971019,527.899819578019,10.497884133,2012-04-01,67.265830528,4.360569937,877.104313823593,623.37941454381,187.444094792,,,91.791093217075,2506.21263157895,-353.376944336573,145.13184014742603,-15.01369156306498,72.83463536155239,1.1654670235456346,1.0,0.516416698360079,0.004971552263824593,0.07669079887974281,0.07669079887974281,0.004971552263824593
2012,5,1068.013487323484,559.104946873484,9.272896727,2012-05-01,148.555315915335,4.32017750841782,740.93132530212,595.94328127179,85.031142256,,,92.3713714202764,2479.05294603737,-177.436520621636,327.08216202136407,4.478156360899255,-15.525290022557192,1.4414473391147202,1.0,0.5234998935028806,0.0058307394503211716,0.20049809050084436,0.20049809050084436,0.0058307394503211716
2012,6,1657.593113969138,893.003757231138,11.797439465,2012-06-01,75.0339628878354,7.947948073,795.693071837715,661.382299980477,77.886236946,,,94.3966019114152,2484.35761904762,90.0876282984231,861.9000421314229,55.203387751514384,7.390934175075614,2.0832066693012643,1.0,0.538735199673232,0.00998871091669002,0.09430013348556451,0.09430013348556451,0.00998871091669002
2012,7,1088.826240047593,552.526537417593,12.441290989,2012-07-01,62.2561262276053,3.53835538,788.896891892589,602.742939390764,120.982297865023,,,94.5218084284144,2474.18204545455,-252.520283446996,299.92934815500405,-34.312815921370586,-0.8541207892422298,1.3801882745861298,1.0,0.5074515263275082,0.004485193713352542,0.07891541577537572,0.07891541577537572,0.004485193713352542
2012,8,1183.415486543185,642.871822146475,24.391821261,2012-08-01,113.802272785225,2.101249795,945.56713594542,614.218220797438,252.589888984333,,,95.5962476499395,2492.03834634177,-304.664057673945,237.84835059776492,8.687267354197603,19.859406934279345,1.2515404158584187,1.0,0.5432342482050284,0.0022222111102656685,0.12035345609959301,0.12035345609959301,0.0022222111102656685
2012,9,1104.992082057556,581.588288268556,8.036650604,2012-09-01,37.284488263,0.347996996,564.499102666524,401.801683547795,85.1590969347669,,,95.9568019577468,2515.877,17.0891856020318,540.492979391032,-6.626869884448405,-40.30047352458874,1.9574735847017395,1.0,0.5263280142112934,0.0006164704148441811,0.06604879987741219,0.06604879987741219,0.0006164704148441811
2012,10,1156.699790488326,606.716085086326,49.395049885,2012-10-01,46.5051517422618,0.385294982,398.691115014707,319.236903189182,0.0,,,96.8060697284257,2579.42833333333,179.834081265619,758.008675473619,4.6794641581944685,-29.372586576061842,2.9012429595920577,1.0,0.5245233811533653,0.000966399720208932,0.11664456515552475,0.11664456515552475,0.000966399720208932
2012,11,1301.0683381971442,731.667579821144,11.941955952,2012-11-01,108.569412794812,4.596704071,1524.42175382501,1173.14900083637,274.460950328993,,,95.9222704922181,2622.95272727273,-775.528985391864,-223.35341562786584,12.48107321328984,282.3565904569448,0.8534831879252329,1.0,0.5623590693437336,0.0030153755412281134,0.07122006263843621,0.07122006263843621,0.0030153755412281134
2012,12,1876.29342003793,1097.48553387493,15.779463553,2012-12-01,72.1264376334688,0.698320034,988.379784709897,737.540321782447,180.82632166,,,99.3697888297684,2673.47706169355,103.086630559033,887.913635328033,44.21175006363309,-35.16362632388975,1.898352686956915,1.0,0.5849221247350236,0.0007065300654696884,0.07297441605874092,0.07297441605874092,0.0007065300654696884
2013,1,1324.074826457061,689.160015207061,14.375159962,2013-01-01,83.9125394935848,1.362782117,395.212666508595,319.977650862035,0.0,,,98.0115115869733,2683.78928571429,293.943154699466,928.8621599484659,-29.431355868087294,-60.01408844833917,3.350284387781041,1.0,0.5204841912530764,0.003448224797649198,0.21232249521476276,0.21232249521476276,0.003448224797649198
2013,2,1217.164978259433,630.580973202433,9.873068643,2013-02-01,118.524148270303,4.321273588,1226.88311301052,851.749107716129,305.459211839333,,,100.079866571548,2657.54930301252,-598.200812295089,-9.718134751087064,-8.074305625437784,210.43618208118286,0.9920790052059314,1.0,0.5180735434108322,0.0035221558942126765,0.0966059007687122,0.0966059007687122,0.0035221558942126765
2013,3,1208.01759696942,630.68827014542,7.027239048,2013-03-01,64.6299942899791,0.901574225,728.872516095943,469.523015970038,182.675260865496,,,99.3892261899133,2636.89157894737,-98.5753046885227,479.1450808734771,-0.751531752342538,-40.59152755738572,1.657378444504836,1.0,0.5220853336306038,0.0012369436425303817,0.08867119127519923,0.08867119127519923,0.0012369436425303817
2013,4,1201.1208308869982,610.584428255998,8.007925712,2013-04-01,92.706781665758,2.94443973574086,640.226715013477,467.233716681482,94.3837346685928,,,99.1290376277034,2578.01169263981,-29.6422867574793,560.8941158735212,-0.5709160280217729,-12.162044682008188,1.8760867091616353,1.0,0.5083455490527929,0.004599057906664951,0.14480305100015467,0.14480305100015467,0.004599057906664951
2013,5,1258.240788656577,640.650104548577,16.179321861,2013-05-01,82.9468352299103,3.80678203502562,664.392122466934,523.159861936209,67.6566624414299,,,98.9481528313519,2586.11348761546,-439.323896877357,593.848666189643,4.755554670332129,3.774507824614637,1.8938225576556234,1.0,0.5091633575419207,0.005729721810804701,0.12484620516258224,0.12484620516258224,0.005729721810804701
2013,6,1696.9423948207702,861.99928882682,13.410256152,2013-06-01,96.2783233690063,3.601153057,1183.20089280887,924.391669851127,190.625241562638,,,99.6780987766975,2593.08150594265,-339.941728874052,513.7415020119001,34.86626805610036,78.08773656369723,1.4341963441155787,1.0,0.5079720392735333,0.003043568576466344,0.08137107058839817,0.08137107058839817,0.003043568576466344
2013,7,1271.9355589775,659.675127638498,12.81003062,2013-07-01,212.35892621756,0.778851531,1169.52997535709,977.408161718011,123.258475554083,,,99.8977196004937,2588.90052048496,-512.011205566591,102.40558362040997,-25.04544863399203,-1.1554181149513676,1.0875613158945692,1.0,0.5186387965824355,0.0006659526026788625,0.18157630047294931,0.18157630047294931,0.0006659526026788625
2013,8,1328.744306959099,684.600937490099,10.211380336,2013-08-01,47.057810143813,4.090152042,971.312806357115,601.576806511184,295.614538022953,,,100.202900219566,2578.87150811025,-286.809894717016,357.431500601984,4.466322808623047,-16.948447083577634,1.367988044904424,1.0,0.5152239854610132,0.00421095245036459,0.04844763688466352,0.04844763688466352,0.00421095245036459
2013,9,1234.699417700888,629.287283131888,12.104590108,2013-09-01,37.5190283292045,1.483396034,786.829040381851,616.116909557141,93.3653014760833,,,100.82913078053,2568.86421408837,-157.700162163964,447.87037731903706,-7.07772659989322,-18.993239332153557,1.5692092619022855,1.0,0.5096684052088343,0.0018852837883056562,0.04768383778895144,0.04768383778895144,0.0018852837883056562
2013,10,1361.690397809859,729.468153399859,8.740275605,2013-10-01,128.149856557721,2.442804015,892.430997679426,515.452787582016,291.178787968426,,,100.603272454919,2534.39184378998,-173.979910306659,469.25940013043294,10.285173726366414,13.4212073878623,1.5258214935951806,1.0,0.5357077897979854,0.002737246937132377,0.1435963753959096,0.1435963753959096,0.002737246937132377
2013,11,1315.384730235763,703.254412878763,8.713031539,2013-11-01,94.7749661294524,3.229657447,1163.51840757843,996.029449073445,95.3083236610833,,,101.501462041299,2523.27262143086,-460.263994699663,151.86632265733306,-3.400601755624766,30.37628798236596,1.1305233519883922,1.0,0.534637811062863,0.002775768243943572,0.08145549353765925,0.08145549353765925,0.002775768243943572
2013,12,1811.4738355584511,991.223108234451,10.218774233,2013-12-01,66.8720172951138,2.121141858,860.824400970858,685.259447797182,99.2827842841667,,,101.729621319005,2512.93726101084,130.398707263593,950.6494345875931,37.71437313505772,-26.01540333492043,2.104347685213649,1.0,0.5471915126661884,0.002464081937742153,0.07768369160968715,0.07768369160968715,0.002464081937742153
2014,1,1397.639925806525,712.079094251525,12.419683082,2014-01-01,65.0509559646325,2.30755095,1051.49376273679,625.068131000834,345.539519336083,,,102.22817817457,2499.90389076533,-375.026542223033,346.14616306973517,-22.84514971337398,22.149623262408745,1.3291946898180342,1.0,0.5094868006440294,0.0021945455425184737,0.06186527991884633,0.06186527991884633,0.0021945455425184737
2014,2,1351.659772866198,695.844790211248,10.854997035,2014-02-01,129.405563285005,2.995130133,872.790932201723,696.770791052568,99.2870690480833,,,103.266412359455,2471.96178951448,-171.346481919064,478.868840664475,-3.2898425475212267,-16.995139378663136,1.5486638586591055,1.0,0.514807649217604,0.003431669627277651,0.14826639291332172,0.14826639291332172,0.003431669627277651
2014,3,1338.139767078517,680.338847530067,12.407295166,2014-03-01,93.6530303031017,1.776843906,632.719917287329,437.865730747608,111.108013864083,,,103.431848439644,2534.21569131073,-35.0738028642174,705.419849791188,-1.0002521388212782,-27.506130741847322,2.1149006543298756,1.0,0.5084213654418263,0.0028082629571989665,0.1480165674325884,0.1480165674325884,0.0028082629571989665
2014,4,1378.151954066682,717.680141562942,11.397476033,2014-04-01,87.7147388280091,14.974637917,1098.22968788155,806.329265924714,194.084461804083,,,104.20442928776,2529.78700697517,-374.155956009916,279.922266185132,2.990135109393033,73.57280178408307,1.254884992888048,1.0,0.5207554504023996,0.013635251425305757,0.07986921114581053,0.07986921114581053,0.013635251425305757
2014,5,1415.164312447502,722.754512216902,12.376749429,2014-05-01,140.680973334691,1.981979079,928.84627065787,738.920488909057,100.059166645083,,,105.039534147342,2532.38585285101,-191.317013135284,486.31804178963193,2.6856514821608,-15.423314366088137,1.523572153059504,1.0,0.5107212680956537,0.002133807435751701,0.15145775762769817,0.15145775762769817,0.002133807435751701
2014,6,1833.654195844876,944.206501200906,14.638219503,2014-06-01,148.94832882,3.594152891,1170.32076871228,981.353883595849,102.471163687083,,,104.448643316149,2580.86227148587,-204.568255806983,663.3334271325962,29.57182284180153,25.997251179506996,1.566796253528399,1.0,0.5149316067012584,0.003071083575620636,0.1272713710651225,0.1272713710651225,0.003071083575620636
2014,7,1419.956097549509,732.640018956269,19.306468901,2014-07-01,46.4137060478511,4.33696421,1240.32402897773,865.057021551786,281.903598148,,,105.438386338124,2633.51535669946,-513.677537471464,179.63206857177897,-22.56140221165045,5.981544730038046,1.1448267262223655,1.0,0.5159596273579328,0.0034966380628572583,0.03742062958024371,0.03742062958024371,0.0034966380628572583
2014,8,1478.1323355197449,781.977885224235,13.758604902,2014-08-01,96.440453551,1.915897598,1006.21624145692,807.513228328651,112.263070885,,,104.717683736672,2612.50468682125,-1109.20767484468,471.91609406282487,4.097044836149055,-18.874728059067003,1.4690006726382476,1.0,0.5290310389896679,0.0019040614920168002,0.09584466000207073,0.09584466000207073,0.0019040614920168002
2014,9,1670.7712062691892,898.127491663509,21.938529787,2014-09-01,128.656141485542,9.693080731,767.856657239983,523.849102272387,144.845139711,,,105.03464658985,2618.79615030458,-122.206270622475,902.9145490292062,13.032586198157148,-23.688703719571414,2.175889458684491,1.0,0.537552651310658,0.012623554982047336,0.16755229022561213,0.16755229022561213,0.012623554982047336
2014,10,1639.365867723481,861.640047023991,22.76069214,2014-10-01,80.1826816486491,4.986737187,1108.65739026743,720.162470002045,276.900716773,,,106.528540789358,2680.50843414695,-272.943457589435,530.708477456051,-1.8796911526764881,44.38337934744694,1.478694754678029,1.0,0.5255935017242457,0.004497996613540907,0.07232413038739358,0.07232413038739358,0.004497996613540907
2014,11,1597.002197985191,860.119475182881,13.778797655,2014-11-01,119.257377423733,10.362573251,956.008419142088,750.106907137619,112.166961617,,,107.198925248655,2734.22225,-152.088271398207,640.9937788431031,-2.5841497967210025,-13.768813744029618,1.6704896798067157,1.0,0.5385837766961276,0.010839416310056417,0.12474511210973784,0.12474511210973784,0.010839416310056417
2014,12,2213.65036483126,1173.34964164194,21.505075481,2014-12-01,105.260776916755,1.823980074,1030.1243188608,820.070964229504,116.535157811,,,108.68629968832,2768.79503727576,117.09366954214,1183.52604597046,38.61285648974335,7.752640900926688,2.148915741819691,1.0,0.5300519270265975,0.0017706407281182469,0.10218259581830028,0.10218259581830028,0.0017706407281182469
2015,1,1679.959335046246,862.285862382986,14.109656418,2015-01-01,135.1530645643,4.199257186,1185.5200096107,773.194785960158,308.941231355,,,109.014745440565,2860.712,-388.806426169574,494.4393254355459,-24.1090932092926,15.085139521970504,1.4170653564910385,1.0,0.513277818334364,0.0035421225723376425,0.1140031914001025,0.1140031914001025,0.0035421225723376425
2015,2,1621.229321667674,837.633522277694,15.134220424,2015-02-01,51.274989109,2.184649848,915.481180485017,716.868726822677,102.428222916,,,109.594850822091,2868.84775,-54.0341557643909,705.7481411826569,-3.495918749542548,-22.778091212003936,1.7709040406584386,1.0,0.5166656629526439,0.002386340532792366,0.05600878554579875,0.05600878554579875,0.002386340532792366
2015,3,1681.5252842330688,867.191969191069,19.816020071,2015-03-01,69.8789526993,7.664443635,787.713220523889,552.762957001697,128.498142954,,,109.850905662518,2951.51027214751,81.9611715705367,893.8120637091797,3.7191507555125902,-13.956372089859581,2.1346922210023678,1.0,0.5157174722987224,0.009729992382129328,0.08871115893272072,0.08871115893272072,0.009729992382129328
2015,4,1668.744308043736,864.478776821936,17.364835717,2015-04-01,178.776631818646,3.696756014,1243.11277902494,851.898631418188,269.345745611,,,110.139803519398,2995.57775,-342.986842014546,425.6315290187961,-0.7600823079601859,57.81286217313652,1.3423917251921813,1.0,0.5180414834405409,0.002973789728796468,0.14381368676691825,0.14381368676691825,0.002973789728796468
2015,5,1633.5073874908328,835.953254252833,15.8528402,2015-05-01,101.450570004,17.186215956,1065.91970499908,844.211509981593,119.531388287,,,111.305153333627,3007.603,-397.328972042696,567.5876824917527,-2.111582965889569,-14.253982182119051,1.532486340040259,1.0,0.511753580457881,0.01612336827567592,0.09517655929260409,0.09517655929260409,0.01612336827567592
2015,6,2854.92985285077,1469.39327992369,26.167214549,2015-06-01,162.3785740142,6.211937744,1452.82419181704,1190.72693256701,157.005156883,,,112.851742948773,3199.90275,-179.650527267519,1402.1056610337303,74.77299917425637,36.29771407765596,1.9650896983482384,1.0,0.5146862990193743,0.004275767005387459,0.11176753176935603,0.11176753176935603,0.004275767005387459
2015,7,1753.4625958864701,943.64838751663,23.985601864,2015-07-01,105.929168735921,12.445516533,1231.23120988782,849.557341790172,239.2680167245,,,112.50612968373,3360.09431488801,-311.878480167188,522.2313859986502,-38.58123714894213,-15.252566909150566,1.4241537915906404,1.0,0.5381628269290596,0.01010818799349144,0.08603515561108334,0.08603515561108334,0.01010818799349144
2015,8,1832.4228557619701,1002.45831393762,22.676881346,2015-08-01,155.751813934951,4.737559282,1023.30460108644,804.834733874707,127.092077224,,,113.099016476993,3548.25142857143,-387.1787912386,809.1182546755301,4.503104888620757,-16.887698031982513,1.7906915045788823,1.0,0.5470671307037214,0.00462966674533677,0.15220474311323304,0.15220474311323304,0.00462966674533677
2015,9,1903.0113562303197,1039.24470108156,34.518055585,2015-09-01,95.9802239249048,2.13704484,994.495067715469,658.939502188794,179.944851075,,,113.540759438968,3667.56714285714,-194.96955671091,908.5162885148508,3.852194936686537,-2.8153428940301928,1.9135452934943895,1.0,0.5461053596339028,0.0021488742472189127,0.09651151327013452,0.09651151327013452,0.0021488742472189127
2015,10,1982.2710781773599,1061.97252871855,23.486335531,2015-10-01,202.524111634783,4.13627238649124,1500.84573833531,1168.81938256439,241.726077579151,,,113.808046412618,3636.02452380952,-463.486902057761,481.4253398420499,4.164963161546553,50.91535263045779,1.3207693685934914,1.0,0.5357352687075486,0.00275596104305767,0.1349399918071635,0.1349399918071635,0.00275596104305767
2015,11,1813.373301869143,934.589035215983,28.453963464,2015-11-01,67.304087826,3.759938617,1181.11997414574,894.065890949502,155.645244148388,,,113.430721850182,3428.99809523809,-306.796653631852,632.2533277234031,-8.520417725284746,-21.303039747722487,1.5352998353792877,1.0,0.5153870051205954,0.00318336722712646,0.0569832779897559,0.0569832779897559,0.00318336722712646
2015,12,2677.26489254435,1394.16720738742,27.543539165,2015-12-01,336.733613667224,1.986308841,1387.2192713254,1122.4041945113,132.558906996,,,114.70005950641,3362.49256916996,-748.143846518919,1290.04562121895,47.640030311726036,17.44948029760687,1.9299507640103595,1.0,0.5207430954142409,0.0014318636440958665,0.2427400055836136,0.2427400055836136,0.0014318636440958665
2016,1,1789.451282831639,902.912842635219,22.664833873,2016-01-01,144.828285364,6.52748063849124,1390.03595607211,807.698904834747,396.979596376978,,,113.918007039356,3451.20894736842,-671.993585405752,399.4153267595291,-33.16121659030061,0.20304538762776492,1.2873417230790027,1.0,0.5045752579564189,0.004695907764095722,0.10419031589171845,0.10419031589171845,0.004695907764095722
2016,2,1715.6985562787738,893.817930222074,26.5871909187,2016-02-01,116.186827368,4.698250101,1122.65134613578,842.712296405361,151.642794733,,,113.001988269788,3435.11396135266,-227.314996217188,593.0472101429939,-4.121527490603627,-19.235805287504306,1.5282559114940635,1.0,0.520964435711073,0.004184959219237214,0.1034932419294028,0.1034932419294028,0.004184959219237214
2016,3,1969.8975369815698,1011.70729803095,25.782081378,2016-03-01,76.531329041681,3.204816842,833.399420226936,530.436472619967,134.741567361,,,115.120765604264,3365.24689130435,19.752976510696,1136.4981167546339,14.81606309992678,-25.765071845721565,2.3636895936946583,1.0,0.5135837164308387,0.003845475247783738,0.09183031231392194,0.09183031231392194,0.003845475247783738
2016,4,1861.944774081748,946.232096734748,22.711461976,2016-04-01,130.362504744,3.24891060449124,1364.58474944182,977.642412337717,270.874828488066,,,115.992273711253,3343.57207729469,-303.900701412688,497.36002463992804,-5.480120710503322,63.73718487471967,1.3644771970691978,1.0,0.5081955758872599,0.0023808785828950524,0.09553272876406135,0.09553272876406135,0.0023808785828950524
2016,5,1847.532696971818,953.945109543818,27.571301082,2016-05-01,79.938609863,19.612254375,1277.46583170322,987.469327111343,141.349467841,,,115.599174280878,3348.91925465838,-368.641544581871,570.0668652685981,-0.7740335433438106,-6.384280476110826,1.4462482292058954,1.0,0.5163346289391106,0.015352468839695986,0.06257592796546224,0.06257592796546224,0.015352468839695986
2016,6,2997.46713474631,1560.42577864541,32.138763855,2016-06-01,153.185703189749,6.448880238,1598.05206980049,1216.54555417114,189.741785649,,51.3461230678856,116.382496919282,3367.992602657,-138.501487919433,1399.41506494582,62.24162850591395,25.09548436765927,1.8757005427992912,1.0,0.5205814471014963,0.0040354631490856965,0.0958577671432656,0.0958577671432656,0.0040354631490856965
2022,7,3630.9711625087307,1865.01373814443,140.612785637301,2022-07-01,46.3436826064828,378.347117208908,1992.48522875471,1026.62332507238,322.049911900035,7.90075993465206,48.2,151.805594195003,3791.47285714286,-235.867413461971,1638.4859337540206,21.13464466111776,24.6821218412153,1.8223327882726956,1.0,0.5136404710126765,0.18988703742881569,0.02325923521924792,0.02325923521924792,0.18988703742881569
2022,8,3781.6576616292823,1901.78695298598,178.677943939302,2022-08-01,51.9409747705777,556.852143950875,2559.69976937037,2018.98681496176,322.049911900035,9.00353574698867,50.5,153.600678208202,3832.38434782609,-1019.42489929507,1221.9578922589121,4.150032935443049,28.467691124122684,1.4773832880250197,1.0,0.5028977033755662,0.217545881987499,0.02029182304585433,0.02029182304585433,0.217545881987499
2022,9,3982.2178956653015,2133.3695319,147.431131155302,2022-09-01,74.5620913231612,752.316923801757,2361.19578391277,1394.66374139131,322.049911900035,9.99410592539753,51.6,152.54521493543,3825.59181818182,-268.378566412762,1621.0221117525316,5.303500527586369,-7.754971416293399,1.6865259216524238,1.0,0.5357239578030629,0.3186169181426719,0.03157810624225465,0.03157810624225465,0.3186169181426719
2022,10,3765.9065979507222,1960.60597049442,154.386344670302,2022-10-01,70.0075955242654,758.602730148354,4302.72959257022,3525.37316803379,428.080641226625,10.7108218367274,50.0,153.617648407216,3822.04571428571,-2565.6996205905,-536.8229946194979,-5.431930230388371,82.22671842315879,0.8752366415155481,1.0,0.5206199143551024,0.176307321626318,0.01627050782953028,0.01627050782953028,0.176307321626318
2022,11,3858.279698921542,1967.44652869324,139.170937354302,2022-11-01,137.977282422022,732.650880074152,2977.41327318426,1892.06123748383,428.080641226625,10.5840056630925,50.9,152.842763714896,3760.22818181818,-1036.44251486403,880.866425737282,2.4528781733749394,-30.801757137479957,1.295849566357048,1.0,0.5099284350077513,0.24606959560256222,0.04634132710588045,0.04634132710588045,0.24606959560256222
2022,12,5478.255535339072,2842.50777183077,146.738426059302,2022-12-01,86.3650601982352,770.498436973696,2424.67890489561,1653.5131566786,428.080641226625,10.2326132845406,52.0,153.389447356056,3690.8580952381,383.730418452162,3053.576630443462,41.986998424980484,-18.56424747168257,2.259373612018507,1.0,0.5188709715153577,0.3177733907025798,0.035619174161105466,0.035619174161105466,0.3177733907025798
2023,1,4288.628310513623,2157.80349092932,177.715496499302,2023-01-01,48.2210092956797,505.349839650806,3200.70161470279,1991.8903910604,567.280499804072,10.4050902375643,53.2,155.567251028808,3693.61047619048,-1053.88305648047,1087.9266958108328,-21.71543874051538,32.00517430329977,1.3399025672412939,1.0,0.503145372994773,0.15788720739522347,0.01506576216732324,0.01506576216732324,0.15788720739522347
2023,2,3795.922220472492,1900.42880273619,125.861501027302,2023-02-01,122.444314195421,593.73995298055,2426.22553484079,1615.39770936249,567.280499804072,9.20518832356437,51.2,155.595079292789,3685.71578947368,-531.897427806601,1369.6966856317022,-11.488663842311908,-24.197072176436418,1.5645380719816644,1.0,0.5006500903750438,0.24471754354836248,0.050466995931380244,0.050466995931380244,0.24471754354836248
2023,3,3937.228519031592,1984.74415534029,156.179331377302,2023-03-01,246.949426302088,691.030043751756,2969.11480039072,1649.78650390733,567.280499804072,9.01390623497974,53.2,159.12138068932,3744.515,-1014.84202816943,968.1137186408719,3.722581505938005,22.375877994605098,1.3260613966538017,1.0,0.5040967639410632,0.23273941568740286,0.08317274437134958,0.08317274437134958,0.23273941568740286
2023,4,3778.760569524992,1902.61124701469,127.805034418302,2023-04-01,63.9954851890493,448.97946991599,2590.29913458881,1644.14050901516,586.03136979413,8.04355222427231,55.4,158.710426624949,3745.81941176471,-700.149136410125,1188.4614349361823,-4.024860348862269,-12.758538866602931,1.458812427903174,1.0,0.5035014026447981,0.17333112763721864,0.024705828116337647,0.024705828116337647,0.17333112763721864
2023,5,4138.042064452712,2080.1610346504,176.424296630312,2023-05-01,161.011138658394,734.815175629693,3851.03930360943,2683.59023201792,586.03136979413,6.18415929657859,57.4,160.719191602647,3729.55454545454,-1776.19703594702,287.002760843282,9.507919020465572,48.67160522835727,1.0745260534147978,1.0,0.5026920950175303,0.1908095757269938,0.041809788466060184,0.041809788466060184,0.1908095757269938
2023,6,7726.6356648259225,3898.88155533062,163.462143747302,2023-06-01,213.817069180313,846.445219100762,4105.67481420735,3043.17092244729,586.03136979413,4.89044815476975,56.4,161.526866020947,3707.788,-261.74186680373,3620.9608506185723,86.72201839610419,6.612124429871691,1.881940488342753,1.0,0.5046027436080047,0.20616470066545647,0.052078422879575516,0.052078422879575516,0.20616470066545647
2023,7,3800.05273909055,1909.54680264205,155.8472538025,2023-07-01,88.8101370976922,444.132772119276,2274.83201415427,1198.44025029654,432.099404880264,3.8713151206899,53.9,161.444530676903,3661.22952380952,-414.31352342712,1525.22072493628,-50.81879224110972,-44.59298124921144,1.6704762001968405,1.0,0.5025053423598151,0.19523761286804042,0.03904030563360511,0.03904030563360511,0.19523761286804042
2023,8,4367.53400882346,2203.74603452528,172.89347647518,2023-08-01,59.3068357860172,562.606400718657,2632.5224218833,1757.52639307089,432.099404880264,3.46414004602065,51.6,163.113979232313,3689.12260869565,-431.582832223017,1735.0115869401598,14.933510366719883,15.723816330324114,1.659068113729089,1.0,0.5045744417955733,0.21371381152992033,0.02252852066634602,0.02252852066634602,0.21371381152992033
2023,9,4316.40258214608,2242.39236752904,177.77092292704,2023-09-01,78.1441110605729,562.54857088507,2266.7606414135,1303.89466013884,432.099404880264,2.68151083325331,52.9,163.868140276904,3738.94071428571,-72.0399736074614,2049.64194073258,-1.1707161655543419,-13.893966388637068,1.9042163090737585,1.0,0.5195049175450499,0.24817290392614091,0.03447391384555011,0.03447391384555011,0.24817290392614091
2023,10,4115.52134732596,2060.91358123063,189.25235430933,2023-10-01,140.644101822247,781.27320375434,4280.94424095807,3449.48718600238,551.858826600137,2.43547228624456,52.4,164.781650444985,3755.62531746032,-2479.77510443644,-165.42289363210966,-4.653904055451741,88.85735717947578,0.9613583162215894,1.0,0.5007661016191055,0.182500205510617,0.03285352340650226,0.03285352340650226,0.182500205510617
2023,11,4329.90143025644,2178.95077768782,212.49405399062,2023-11-01,106.684264523825,661.705155103419,3549.53168447721,2236.5681230458,551.858826600137,2.6063048682176,53.4,164.97544403237,3782.02518939394,-1385.91272607338,780.36974577923,5.20906259105598,-17.085309112018955,1.2198514663756739,1.0,0.5032333444040482,0.18642041089453684,0.030055870466060623,0.030055870466060623,0.18642041089453684
2023,12,6433.88530842797,3381.3241907911,149.74000398887,2023-12-01,145.675053949694,701.676763116152,3051.54465320904,2091.34877375491,551.858826600137,2.60188338721017,54.8,166.005103433667,3780.73976608187,306.968178391022,3382.34065521893,48.59195785542214,-14.029654487829024,2.108402805661723,1.0,0.5255493420689029,0.22994150270036537,0.04773813609330619,0.04773813609330619,0.22994150270036537
2024,1,4567.252897077719,2293.52479473316,151.21035695656,2024-01-01,80.941035177397,576.6285578065,2922.27821368749,1721.48716680608,493.32223756011,2.7867752692038,54.0,165.007791650556,3805.03362433863,-639.850513195326,1644.9746833902295,-29.012522323098977,-4.236098573409763,1.56290830752713,1.0,0.5021672428519632,0.19732158119157267,0.027697922394343554,0.027697922394343554,0.19732158119157267
2024,2,4313.47283387048,2180.8331427546,150.76961553988,2024-02-01,71.991457105218,588.745130925285,2602.47859851856,1670.2400323406,493.32223756011,3.43123236897145,51.7,166.856850117264,3873.58773611111,-422.294830059952,1710.99423535192,-5.556514362706222,-10.943503382773034,1.6574479560853603,1.0,0.5055863863637082,0.22622477328360105,0.027662650961356058,0.027662650961356058,0.22622477328360105
2024,3,4320.664349453719,2196.95452028151,201.70008538321,2024-03-01,91.4805761532907,815.843181684711,3279.72873621969,2280.55355572418,493.32223756011,3.28497379316353,49.3,166.64162812113,3895.7797368421,-1101.31364515934,1040.9356132340295,0.16672217167499337,26.02327404677407,1.3173846671337344,1.0,0.5084760913120412,0.24875324982671446,0.027892726353562356,0.027892726353562356,0.24875324982671446
2024,4,4465.8562201880095,2254.79237242188,217.00924732713,2024-04-01,80.834467161891,543.694503626711,3239.30198731358,2630.45443039775,331.12304797771,3.187852186042,52.6,166.954514789585,3822.6875,-988.5177720357,1226.5542328744295,3.360406154961959,-1.2326247734959606,1.378647695607916,1.0,0.5048958724262186,0.16784310501337607,0.024954285669712657,0.024954285669712657,0.16784310501337607
2024,5,4665.078675246379,2373.18069572998,147.9209212024,2024-05-01,146.107972645299,731.220045944052,3856.85523435974,2776.0495586992,331.12304797771,3.61796903729524,54.1,168.225319676984,3791.40079365079,-1484.85049240776,808.2234408866393,4.4610136384996,19.064392559407818,1.2095550368824795,1.0,0.5087118269456933,0.1895897049569813,0.03788266962774758,0.03788266962774758,0.1895897049569813
2024,6,6930.84043263727,3544.36267673493,160.09437878134,2024-06-01,163.759054142268,862.082298280196,3902.64735356952,3096.41991114884,331.12304797771,3.92582413518301,51.9,168.178185550786,3747.19011695906,-373.863531705592,3028.19307906775,48.56856475783291,1.1872916256184585,1.77593305382769,1.0,0.5113900271090582,0.22089679650191824,0.04196101756221641,0.04196101756221641,0.22089679650191824
2024,7,4588.965906365837,2307.38596463318,178.868121275657,2024-07-01,47.6889877994129,662.012624679302,3773.10339302542,2170.79476774491,676.894594983166,3.95691865786119,53.7,169.580728676003,3705.85480676329,-1537.41577614617,815.8625133404175,-33.78918543909286,-3.3193867856293524,1.216231157314305,1.0,0.5028117470718974,0.17545573384048582,0.012639194538788938,0.012639194538788938,0.17545573384048582
2024,8,4882.292885805507,2501.99527172706,185.289772059447,2024-08-01,57.0551018114129,845.484783688164,3916.81974742402,2628.21753014188,676.894594983166,3.53160893268605,56.3,170.08380711861,3723.64728650138,-1473.81284016046,965.4731383814865,6.392006073367518,3.80896941929183,1.2464941459244967,1.0,0.512463166435839,0.21586001863992213,0.014566690705881066,0.014566690705881066,0.21586001863992213
2024,9,4819.776751928058,2511.26204758555,203.510982456507,2024-09-01,62.1551806824129,690.852183484658,2598.00890288867,1379.476338595,676.894594983166,3.02360536196447,54.2,170.097726504924,3711.31308802309,-100.899427054618,2221.767849039388,-1.2804666852167856,-33.670450252470616,1.8551809990216168,1.0,0.5210328562585329,0.26591601850036556,0.023924160003187016,0.023924160003187016,0.26591601850036556
2024,10,4668.072589780667,2397.13007072298,182.628704794687,2024-10-01,76.1879293010498,745.819169664565,3540.10872941168,2752.78797079343,511.231915882202,2.94413055777466,52.9,171.101787406782,3667.92613636364,-1170.0043344672,1127.9638603689868,-3.147535040636573,36.26237868067002,1.31862407247487,1.0,0.513516022859364,0.21067691042035042,0.021521352908759738,0.021521352908759738,0.21067691042035042
2024,11,5143.144542556326,2717.50031675289,205.880878764437,2024-11-01,114.96171719805,770.048915129006,3881.65286512489,2189.00132765178,511.231915882202,2.93900459634111,55.7,172.48833461935,3678.64754689755,-1188.55515300349,1261.491677431436,10.177047242489024,9.647843098027398,1.3249882772273218,1.0,0.5283733121375965,0.19838170539349095,0.029616691958968145,0.029616691958968145,0.19838170539349095
2024,12,7611.785927656718,3846.1127880851,140.594761058617,2024-12-01,75.9723050870498,616.564867158759,2355.38580230955,1525.38594814463,511.231915882202,3.26965351294874,53.1,171.998466835455,3664.08201515152,1475.72480173105,5256.400125347168,47.998677942529476,-39.32002978752283,3.2316514433402195,1.0,0.5052838879914642,0.2617681003911089,0.032254718107138085,0.032254718107138085,0.2617681003911089
2025,1,5037.109767797241,2551.93667775048,140.67594856176,2025-01-01,63.131639520544,630.103739723067,4797.00091818879,2880.97915101839,570.954219340225,3.56045226322486,49.5,174.152823100462,3688.9592630854,-2271.9512111293,240.10884960845124,-33.82486297341376,103.66094223227202,1.0500539511464404,1.0,0.5066271722060283,0.13135368336785228,0.013160647787489,0.013160647787489,0.13135368336785228
2025,2,4453.37595487565,2229.60789416572,142.25778676393,2025-02-01,62.016442814544,862.356956767754,2924.17496126097,1524.47107055425,570.954219340225,3.69582122634772,52.6,173.321610118503,3677.46228409091,-698.663523371245,1529.2009936146796,-11.588665719644652,-39.04160096835974,1.5229512645013736,1.0,0.5006556636487648,0.29490607374460465,0.021208184748220782,0.021208184748220782,0.29490607374460465
2025,3,4925.425649382621,2527.7200244917,191.27820399392,2025-03-01,209.789329685544,691.285493848294,3273.4532092115,2234.31746843288,570.954219340225,3.35535575294187,52.9,175.41295697441,3667.62650432901,-749.7190086828,1651.9724401711205,10.599816842100672,11.94450580343911,1.5046574166762088,1.0,0.5131982907525033,0.2111792806150447,0.06408807955317543,0.06408807955317543,0.2111792806150447
